name,price,rating,review_count,images,features,sub_category,category
MDR-M1 Closed Monitor Headphones,"Rs.39,990",5.0,1.0,"['/content/dam/sony/contents/global/audio/headphones/year-2024/mdr-m1/product-image/product-intro-plate/fn-Product-Intro-Plate_D-01.png', '/content/dam/sony/contents/global/audio/headphones/year-2024/mdr-m1/product-image/product-intro-plate/fn-Product-Intro-Plate_D-02.png', '/content/dam/sony/contents/global/audio/headphones/year-2024/mdr-m1/product-image/product-intro-plate/fn-Product-Intro-Plate_D-03.png', '/content/dam/sony/contents/global/audio/headphones/year-2024/mdr-m1/product-image/product-intro-plate/fn-Product-Intro-Plate_D-04.png', '/content/dam/sony/contents/global/audio/headphones/year-2024/mdr-m1/product-image/product-intro-plate/fn-Product-Intro-Plate_D-05.png', '/content/dam/sony/contents/global/audio/headphones/year-2024/mdr-m1/product-image/product-intro-plate/fn-Product-Intro-Plate_D-06.png', '/content/dam/sony/contents/global/audio/headphones/year-2024/mdr-m1/product-image/product-intro-plate/fn-Product-Intro-Plate_D-07.png']","['Studio reference quality for a wide range of audio production workflows', 'Excellent wearing comfort', 'For professional stereo and High-Resolution Audio monitoring', 'Carefully tuned closed acoustic structure', 'Exclusively developed driver units', 'Detachable cables for professional functionality and reliability']",Headband,Headphones
MDR-MV1 Open Back Studio Monitor Headphones,"Rs.59,990",,,"['/content/dam/sony/contents/global/audio/headphones/year2022/omh/product-intro-plate/OMH_Product-Intro-1_D.jpg', 'https://sony.scene7.com/is/image/sonyglobalsolutions/OMH_Product-Intro-2_D?$productIntroPlatedesktop$&fmt=png-alpha']","['Studio monitor sound for mixing and mastering', 'Excellent wearing comfort', 'Spatial sound creation', 'Stereo sound creation with High-Resolution Audio capability', 'Carefully tuned open-back acoustic structure', 'Specially developed HD driver units', 'Detachable cables for professional use']",Headband,Headphones
MDR-7506 Professional Headphones,,,,"['https://www.sony.co.in/image/53803057a3619296f99d20a4ab4adf1c?fmt=png-alpha&wid=676&hei=400', 'https://www.sony.co.in/image/b9777f6b2d53204486ee340f3e258b02?fmt=png-alpha&wid=676&hei=400']","['40 mm neodymium driver units ', '10–20 kHz frequency range ', 'Tangle-free 3 m cord ', '106 dB/W/m ', '230 g design ']",Headband,Headphones
WH-1000XM5 Wireless Noise Cancelling Headphones,"Rs. 34,9902",4.5,823.0,"['https://www.sony.co.in/image/4e4154f981a0c362a20d5a3eaea6605e?fmt=png-alpha&wid=676&hei=400', 'https://www.sony.co.in/image/76cc571af39ddbe23d060c00ac7d7a8b?fmt=png-alpha&wid=676&hei=400', 'https://www.sony.co.in/image/cb6bff7884c779ebd2c5a3f1f297daec?fmt=png-alpha&wid=676&hei=400', None, None, None, None, None, None, None]","['HD Noise Cancelling Processor QN1, Integrated Processor V1 and multiple microphones for distraction-free listening ', 'Fully automatic Personal Noise Cancelling Optimiser and Atmospheric Pressure Optimising ', '30-mm specially designed driver unit for exceptional sound ', 'Superior noise-free calls with 2 x 2 beamforming microphones and noise reduction system (using AI) ', 'Super comfortable lightweight design in ""Soft fit leather"" ']",Headband,Headphones
WH-1000XM4 Wireless Noise Cancelling Headphones,"Rs. 29,9901",4.5,1967.0,"['https://www.sony.co.in/image/c837e2d6c39f74d4dd2338ada3dac203?fmt=png-alpha&wid=676&hei=400', 'https://www.sony.co.in/image/cee14c179dfe1451ff9fc70f69ed9bef?fmt=png-alpha&wid=676&hei=400', 'https://www.sony.co.in/image/4c008966864e140d66a5f27d2e946de4?fmt=png-alpha&wid=676&hei=400', None, None, None]","['HD Noise-Cancelling Processor QN1, Bluetooth Audio SoC and a dual noise sensor let you listen without distractions ', 'Personal noise-cancelling optimiser and atmospheric pressure optimising ', 'High-quality audio with DSEE Extreme™ and LDAC ', 'Adaptive Sound Control automatically adjusts ambient sound settings to suit your location and behaviour ', 'Wireless freedom with BLUETOOTH® technology ']",Headband,Headphones
WI-C100 Wireless In-ear Headphones,"Rs. 2,7901",4.5,80.0,"['https://www.sony.co.in/image/4e59487a5c5175284a49830878185789?fmt=pjpeg&wid=110&bgcolor=FFFFFF&bgc=FFFFFF', 'https://www.sony.co.in/image/342e7c28dc1fb69d0d8625bc98be7236?fmt=pjpeg&wid=64&bgcolor=F1F5F9&bgc=F1F5F9', 'https://www.sony.co.in/image/8baa51321847228daa201ffc21b40a0d?fmt=pjpeg&wid=64&bgcolor=F1F5F9&bgc=F1F5F9', 'https://www.sony.co.in/image/6f599d73dadce7d14956ee6ad79fa56b?fmt=pjpeg&wid=64&bgcolor=F1F5F9&bgc=F1F5F9', 'https://www.sony.co.in/image/2ef6a97354fc1772d14367d1802879b3?fmt=pjpeg&wid=64&bgcolor=F1F5F9&bgc=F1F5F9', 'https://www.sony.co.in/image/9530e535e980c257f15aa1b8c4f13b55?fmt=pjpeg&wid=64&bgcolor=F1F5F9&bgc=F1F5F9', 'https://www.sony.co.in/image/c2741ec3a94c0870832d6d2075572cab?fmt=pjpeg&wid=64&bgcolor=F1F5F9&bgc=F1F5F9', 'https://www.sony.co.in/image/f9ac02c6d8135bfeebf2ff8a0d2d0d6f?fmt=pjpeg&wid=64&bgcolor=F1F5F9&bgc=F1F5F9', 'https://www.sony.co.in/image/1b3ce58d5a17a8f2a23db00c6180753c?fmt=pjpeg&wid=64&bgcolor=F1F5F9&bgc=F1F5F9', 'https://www.sony.co.in/image/2644c363e5c3b666705e5b78763a34c9?fmt=pjpeg&wid=64&bgcolor=F1F5F9&bgc=F1F5F9', 'https://www.sony.co.in/image/818da505ad7a40db75482e6d48d2c874?fmt=pjpeg&wid=64&bgcolor=F1F5F9&bgc=F1F5F9', 'https://www.sony.co.in/image/d488b23eb275b299821d28dbf3ec944c?fmt=pjpeg&wid=64&bgcolor=F1F5F9&bgc=F1F5F9']","['Up to 25 hours of battery life ', ""DSEE™ restores frequencies lost in compression to produce high-quality sound that's closer to the original recording "", 'Fine-tune your sound using the Sony | Headphones Connect app ', 'Splash-proof and sweat-proof with an IPX4 rating ', 'Easy hands-free calling and voice assistant ']",In-Ear,Headphones
MDR-EX14AP / 15AP In-ear Headphones,"Rs. 1,2901",3.5,19.0,"['https://www.sony.co.in/image/907417c102de80c45058b7d9f0f6584e?fmt=pjpeg&wid=110&bgcolor=FFFFFF&bgc=FFFFFF', 'https://www.sony.co.in/image/d083c8e3ec15ff02969e28d305dbb870?fmt=pjpeg&wid=64&bgcolor=F1F5F9&bgc=F1F5F9', 'https://www.sony.co.in/image/b3f5ea3cd3ac7f06787c94b465596767?fmt=pjpeg&wid=64&bgcolor=F1F5F9&bgc=F1F5F9', 'https://www.sony.co.in/image/33e4a103552e7f50d0090318fb6c8ce4?fmt=pjpeg&wid=64&bgcolor=F1F5F9&bgc=F1F5F9', 'https://www.sony.co.in/image/80ba67b3ed333041dc45c76092dad536?fmt=pjpeg&wid=64&bgcolor=F1F5F9&bgc=F1F5F9']","['Comfortable, secure-fitting silicone earbuds ', 'Lightweight for ultimate music mobility ', 'Choice of colours to suit your style ', '9 mm neodymium drivers for powerful, balanced sound ', '8 Hz–22 kHz frequency range ']",In-Ear,Headphones
LinkBuds Open,"Rs.26,990",4.4,28.0,[],[],Truly Wireless,Headphones
WF-C510,"Rs.8,990",4.7,50.0,"['https://sony.scene7.com/is/image/sonyglobalsolutions/Product-Intro-1-D-9?$productIntroPlatedesktop$&fmt=png-alpha', 'https://sony.scene7.com/is/image/sonyglobalsolutions/Product-Intro-2-D-5?$productIntroPlatedesktop$&fmt=png-alpha', 'https://sony.scene7.com/is/image/sonyglobalsolutions/Product-Intro-3-D-4?$productIntroPlatedesktop$&fmt=png-alpha', 'https://sony.scene7.com/is/image/sonyglobalsolutions/Product-Intro-4-D-4?$productIntroPlatedesktop$&fmt=png-alpha', 'https://sony.scene7.com/is/image/sonyglobalsolutions/Product-Intro-5-D-3?$productIntroPlatedesktop$&fmt=png-alpha', 'https://sony.scene7.com/is/image/sonyglobalsolutions/Product-Intro-6-D-3?$productIntroPlatedesktop$&fmt=png-alpha', 'https://sony.scene7.com/is/image/sonyglobalsolutions/Product-Intro-7-D-2?$productIntroPlatedesktop$&fmt=png-alpha', 'https://sony.scene7.com/is/image/sonyglobalsolutions/Product-Intro-8-D-1?$productIntroPlatedesktop$&fmt=png-alpha', 'https://sony.scene7.com/is/image/sonyglobalsolutions/Product-Intro-9-D-1?$productIntroPlatedesktop$&fmt=png-alpha', 'https://sony.scene7.com/is/image/sonyglobalsolutions/Product-Intro-10-D-1?$productIntroPlatedesktop$&fmt=png-alpha', 'https://sony.scene7.com/is/image/sonyglobalsolutions/Product-Intro-11-D-1?$productIntroPlatedesktop$&fmt=png-alpha', 'https://sony.scene7.com/is/image/sonyglobalsolutions/Product-Intro-12-D-1?$productIntroPlatedesktop$&fmt=png-alpha', 'https://sony.scene7.com/is/image/sonyglobalsolutions/Product-Intro-13-D-1?$productIntroPlatedesktop$&fmt=png-alpha', 'https://sony.scene7.com/is/image/sonyglobalsolutions/Product-Intro-14-D-1?$productIntroPlatedesktop$&fmt=png-alpha', 'https://sony.scene7.com/is/image/sonyglobalsolutions/Product-Intro-15-D-1?$productIntroPlatedesktop$&fmt=png-alpha', 'https://sony.scene7.com/is/image/sonyglobalsolutions/Product-Intro-16-D-1?$productIntroPlatedesktop$&fmt=png-alpha']","['Compact and lightweight for comfort all day long', '11 hours of battery life, with another 11 hours in the charging case', 'Multipoint Connection lets you pair to two Bluetooth® devices simultaneously', 'Stay present with Ambient Sound Mode', 'Great sound quality and a range of customisable EQ presets']",Truly Wireless,Headphones
WF-C700N,"Rs.12,990",4.1,199.0,"['https://sony.scene7.com/is/image/sonyglobalsolutions/WF-C700N_Product-Intro_1_D?$productIntroPlatedesktop$&fmt=png-alpha', 'https://sony.scene7.com/is/image/sonyglobalsolutions/WF-C700N_Product-Intro_2_D?$productIntroPlatedesktop$&fmt=png-alpha', 'https://sony.scene7.com/is/image/sonyglobalsolutions/WF-C700N_Product-Intro_3_D?$productIntroPlatedesktop$&fmt=png-alpha', 'https://sony.scene7.com/is/image/sonyglobalsolutions/WF-C700N_Product-Intro_4_D?$productIntroPlatedesktop$&fmt=png-alpha', 'https://sony.scene7.com/is/image/sonyglobalsolutions/WF-C700N_Product-Intro_5_D?$productIntroPlatedesktop$&fmt=png-alpha', 'https://sony.scene7.com/is/image/sonyglobalsolutions/WF-C700N_Product-Intro_21_D?$productIntroPlatedesktop$&fmt=png-alpha']","['Digital noise cancelling and Ambient Sound Mode let you control what you hear', 'Compact and lightweight for a comfortable fit', 'DSEE™ restores high-frequency sound lost in compression', 'Fine-tune your sound using the \nSony | Headphones Connect app', 'Clear hands-free calls with wind noise reduction structure.']",Truly Wireless,Headphones
WF-1000XM5,"Rs.29,990",4.0,414.0,"['https://sony.scene7.com/is/image/sonyglobalsolutions/WFM5_Product-Intro-Plate-D-1?$productIntroPlatedesktop$', 'https://sony.scene7.com/is/image/sonyglobalsolutions/01_D?$productIntroPlatedesktop$&fmt=png-alpha', 'https://sony.scene7.com/is/image/sonyglobalsolutions/02_D?$productIntroPlatedesktop$&fmt=png-alpha', 'https://sony.scene7.com/is/image/sonyglobalsolutions/03_D?$productIntroPlatedesktop$&fmt=png-alpha', 'https://sony.scene7.com/is/image/sonyglobalsolutions/04_D?$productIntroPlatedesktop$&fmt=png-alpha', 'https://sony.scene7.com/is/image/sonyglobalsolutions/05_D?$productIntroPlatedesktop$&fmt=png-alpha', 'https://sony.scene7.com/is/image/sonyglobalsolutions/d-Product-Intro-Plate-1-16?$productIntroPlatedesktop$', 'https://sony.scene7.com/is/image/sonyglobalsolutions/1_D?$productIntroPlatedesktop$&fmt=png-alpha', 'https://sony.scene7.com/is/image/sonyglobalsolutions/2_D?$productIntroPlatedesktop$&fmt=png-alpha', 'https://sony.scene7.com/is/image/sonyglobalsolutions/3_D?$productIntroPlatedesktop$&fmt=png-alpha', 'https://sony.scene7.com/is/image/sonyglobalsolutions/4_D?$productIntroPlatedesktop$&fmt=png-alpha', 'https://sony.scene7.com/is/image/sonyglobalsolutions/5_D?$productIntroPlatedesktop$&fmt=png-alpha', 'https://sony.scene7.com/is/image/sonyglobalsolutions/6_D?$productIntroPlatedesktop$&fmt=png-alpha', 'https://sony.scene7.com/is/image/sonyglobalsolutions/7_D?$productIntroPlatedesktop$&fmt=png-alpha', 'https://sony.scene7.com/is/image/sonyglobalsolutions/8_D?$productIntroPlatedesktop$&fmt=png-alpha', 'https://sony.scene7.com/is/image/sonyglobalsolutions/9_D?$productIntroPlatedesktop$&fmt=png-alpha', 'https://sony.scene7.com/is/image/sonyglobalsolutions/10_D?$productIntroPlatedesktop$&fmt=png-alpha']","['The best noise cancelling1 with two high-performance processors and dual feedback microphones', 'Stunning sound quality with specially designed driver unit', 'Superior noise-free calls with bone conduction sensor and noise reduction system (using AI)', 'Premium, ergonomic design for stable, comfortable fit', 'Water resistance and long battery life for everyday use']",Truly Wireless,Headphones
INZONE Buds Truly Wireless Noise Cancelling Gaming Earbuds,"Rs.22,990",4.5,21.0,"['https://sony.scene7.com/is/image/sonyglobalsolutions/Product-Intro-Plate_Desktop_00?$productIntroPlatedesktop$&fmt=png-alpha', 'https://sony.scene7.com/is/image/sonyglobalsolutions/Product-Intro-Plate_Desktop_01-6?$productIntroPlatedesktop$&fmt=png-alpha', 'https://sony.scene7.com/is/image/sonyglobalsolutions/Product-Intro-Plate_Desktop_02-6?$productIntroPlatedesktop$&fmt=png-alpha', 'https://sony.scene7.com/is/image/sonyglobalsolutions/Product-Intro-Plate_Desktop_03-1?$productIntroPlatedesktop$&fmt=png-alpha', 'https://sony.scene7.com/is/image/sonyglobalsolutions/Product-Intro-Plate_Desktop_04-1?$productIntroPlatedesktop$&fmt=png-alpha', 'https://sony.scene7.com/is/image/sonyglobalsolutions/Product-Intro-Plate_Desktop_05-1?$productIntroPlatedesktop$&fmt=png-alpha', 'https://sony.scene7.com/is/image/sonyglobalsolutions/Product-Intro-Plate_Desktop_06-1?$productIntroPlatedesktop$&fmt=png-alpha', 'https://sony.scene7.com/is/image/sonyglobalsolutions/Product-Intro-Plate_Desktop_07-1?$productIntroPlatedesktop$&fmt=png-alpha', 'https://sony.scene7.com/is/image/sonyglobalsolutions/Product-Intro-Plate_Desktop_08-1?$productIntroPlatedesktop$&fmt=png-alpha', 'https://sony.scene7.com/is/image/sonyglobalsolutions/Product-Intro-Plate_Desktop_09?$productIntroPlatedesktop$&fmt=png-alpha', 'https://sony.scene7.com/is/image/sonyglobalsolutions/Product-Intro-Plate_Desktop_10?$productIntroPlatedesktop$&fmt=png-alpha', 'https://sony.scene7.com/is/image/sonyglobalsolutions/Product-Intro-Plate_Desktop_11?$productIntroPlatedesktop$&fmt=png-alpha', 'https://sony.scene7.com/is/image/sonyglobalsolutions/Product-Intro-Plate_Desktop_12?$productIntroPlatedesktop$&fmt=png-alpha', 'https://sony.scene7.com/is/image/sonyglobalsolutions/Product-Intro-Plate_Desktop_13?$productIntroPlatedesktop$&fmt=png-alpha']","['360 Spatial Sound for Gaming and advanced personalisation shaped to your ear', 'Cancels out the background, so you can focus on the game', 'Truly wireless Buds with lighter ear contact for increased comfort', 'Up to 12 hours of battery for longer gaming sessions', 'An AI-assisted microphone helps your voice cut through the in-game sound']",Gaming,Headphones
INZONE H5 Wireless Gaming Headset,"Rs.19,990",4.9,19.0,"['https://sony.scene7.com/is/image/sonyglobalsolutions/d-Product-Intro-Plate-15?$productIntroPlatedesktop$&fmt=png-alpha', 'https://sony.scene7.com/is/image/sonyglobalsolutions/d-Product-Intro-Plate-9-1?$productIntroPlatedesktop$&fmt=png-alpha', 'https://sony.scene7.com/is/image/sonyglobalsolutions/d-Product-Intro-Plate-8-4?$productIntroPlatedesktop$&fmt=png-alpha', 'https://sony.scene7.com/is/image/sonyglobalsolutions/d-Product-Intro-Plate-5-8?$productIntroPlatedesktop$&fmt=png-alpha', 'https://sony.scene7.com/is/image/sonyglobalsolutions/d-Product-Intro-Plate-3-10?$productIntroPlatedesktop$&fmt=png-alpha', 'https://sony.scene7.com/is/image/sonyglobalsolutions/d-Product-Intro-Plate-11?$productIntroPlatedesktop$&fmt=png-alpha', 'https://sony.scene7.com/is/image/sonyglobalsolutions/d-Product-Intro-Plate-10-1?$productIntroPlatedesktop$&fmt=png-alpha', 'https://sony.scene7.com/is/image/sonyglobalsolutions/d-Product-Intro-Plate-13?$productIntroPlatedesktop$&fmt=png-alpha', 'https://sony.scene7.com/is/image/sonyglobalsolutions/d-Product-Intro-Plate-12?$productIntroPlatedesktop$&fmt=png-alpha', 'https://sony.scene7.com/is/image/sonyglobalsolutions/d-Product-Intro-Plate-14?$productIntroPlatedesktop$&fmt=png-alpha']","['Precise rival detection with 360 Spatial Sound for Gaming', 'Light 260 g total weight and low-pressure fit', 'Bidirectional boom microphone with AI-based noise reduction technology', '28 hours of battery\xa0', 'Wireless or wired listening options']",Gaming,Headphones
INZONE H3 Wired Gaming Headset,"Rs. 9,9901",4.5,28.0,"['https://www.sony.co.in/image/39bf4d07b80f99034f09db5d7644e036?fmt=pjpeg&wid=110&bgcolor=FFFFFF&bgc=FFFFFF', 'https://www.sony.co.in/image/b3cf69690ec0d3f5ebfdad6463937ea7?fmt=pjpeg&wid=64&bgcolor=F1F5F9&bgc=F1F5F9', 'https://www.sony.co.in/image/8c65cb7f6fbbd7d976b29002d3cb36ab?fmt=pjpeg&wid=64&bgcolor=F1F5F9&bgc=F1F5F9', 'https://www.sony.co.in/image/183b7ead44077e1909390f91ba03db8c?fmt=pjpeg&wid=64&bgcolor=F1F5F9&bgc=F1F5F9', 'https://www.sony.co.in/image/e45a967e8f43e666f62078ec97e3038a?fmt=pjpeg&wid=64&bgcolor=F1F5F9&bgc=F1F5F9']","['360 Spatial Sound for Gaming for precise rival detection ', 'Soft headband cushion and smooth nylon ear pads for wearing comfort ', 'Boom microphone for seamless team communication ', 'Easy operation with multiple control buttons ', 'Customise settings using INZONE Hub PC software ']",Gaming,Headphones
WH-1000XM4 Wireless Noise Cancelling Headphones,"Rs. 29,9901",4.5,1967.0,['https://www.sony.co.in/image/5d02da5df552836db894cead8a68f5f3?fmt=pjpeg&wid=110&bgcolor=FFFFFF&bgc=FFFFFF'],"['HD Noise-Cancelling Processor QN1, Bluetooth Audio SoC and a dual noise sensor let you listen without distractions ', 'Personal noise-cancelling optimiser and atmospheric pressure optimising ', 'High-quality audio with DSEE Extreme™ and LDAC ', 'Adaptive Sound Control automatically adjusts ambient sound settings to suit your location and behaviour ', 'Wireless freedom with BLUETOOTH® technology ']",Noise Cancelling,Headphones
WF-C500 Truly Wireless Headphones,"Rs. 8,9901",4.0,457.0,"['https://www.sony.co.in/image/6ff70f66ce935f02861635b3e936a70c?fmt=pjpeg&wid=110&bgcolor=FFFFFF&bgc=FFFFFF', 'https://www.sony.co.in/image/e3beeee2eeeb7580a61adcab32538851?fmt=pjpeg&wid=64&bgcolor=F1F5F9&bgc=F1F5F9', 'https://www.sony.co.in/image/5cbc1b3260728da7eeafe044ed7f1248?fmt=pjpeg&wid=64&bgcolor=F1F5F9&bgc=F1F5F9', 'https://www.sony.co.in/image/da78c599880a10c0989109d765b99b96?fmt=pjpeg&wid=64&bgcolor=F1F5F9&bgc=F1F5F9', 'https://www.sony.co.in/image/ab676f3dda4abb8bbef9077ea001d5de?fmt=pjpeg&wid=64&bgcolor=F1F5F9&bgc=F1F5F9', 'https://www.sony.co.in/image/9819425ccbaa8948ccaaba601f14b21f?fmt=pjpeg&wid=64&bgcolor=F1F5F9&bgc=F1F5F9', 'https://www.sony.co.in/image/3bf117c2ca4768c53aaeadd7773015eb?fmt=pjpeg&wid=64&bgcolor=F1F5F9&bgc=F1F5F9', 'https://www.sony.co.in/image/9b18b5f8ac4fdbfd48902513fb37b7da?fmt=pjpeg&wid=64&bgcolor=F1F5F9&bgc=F1F5F9', 'https://www.sony.co.in/image/88627367b3e324feea1692f31183268f?fmt=pjpeg&wid=64&bgcolor=F1F5F9&bgc=F1F5F9', 'https://www.sony.co.in/image/cbca09d677ee764befdd130dbdb9dc90?fmt=pjpeg&wid=64&bgcolor=F1F5F9&bgc=F1F5F9', 'https://www.sony.co.in/image/ebbcce2b4fb3407b01ea1b0af3418c24?fmt=pjpeg&wid=64&bgcolor=F1F5F9&bgc=F1F5F9', 'https://www.sony.co.in/image/14554686b10598c9c9aa9e281e945c88?fmt=pjpeg&wid=64&bgcolor=F1F5F9&bgc=F1F5F9', 'https://www.sony.co.in/image/9d0cf63ef15f7209fcd13f9d71222859?fmt=pjpeg&wid=64&bgcolor=F1F5F9&bgc=F1F5F9', 'https://www.sony.co.in/image/b9ba2a905843bfd0ba37a144f5359e13?fmt=pjpeg&wid=64&bgcolor=F1F5F9&bgc=F1F5F9', 'https://www.sony.co.in/image/3ad66dcd748a03da7b62b2e82bb31f43?fmt=pjpeg&wid=64&bgcolor=F1F5F9&bgc=F1F5F9']","['DSEE™ restores high-frequency sound and fine fade-out sound lost in compression ', 'Fine-tune your sound using the Sony | Headphones Connect app ', '10-hr-long battery life, total 20 hr with charging case5 ', 'Splash-proof and sweat-proof with an IPX4 rating ', 'Optional use of one earbud only ']",Water Resistant,Headphones
LinkBuds S,"Rs. 24,9901",4.0,228.0,['https://www.sony.co.in/image/c0d5f94fb6eaca7bf75bffe64874c195?fmt=pjpeg&wid=110&bgcolor=FFFFFF&bgc=FFFFFF'],"['Always on for connecting your online and offline worlds ', 'Automatically switches between optimised ambient sound and noise cancelling ', 'Ultra-small, lightweight and super fit ', 'Immersive music and clear calls ', '20 hours battery life with a 5-minute quick charge for up to 60 minutes of play time ']","['Noise Cancelling', 'Wireless', 'Water Resistant']",Headphones
LinkBuds series | LinkBuds Open Wireless Headphones,"Rs.26,990",4.4,28.0,[],[],"['Wireless', 'Water Resistant']",Headphones
ULT POWER SOUND series | ULT WEAR Wireless Noise Cancelling Headphones,"Rs.24,990",4.6,44.0,"['https://sony.scene7.com/is/image/sonyglobalsolutions/Product-Intro-main-D?$productIntroPlatedesktop$', 'https://sony.scene7.com/is/image/sonyglobalsolutions/PIP_Desktop_XBBN2_01?$productIntroPlatedesktop$', 'https://sony.scene7.com/is/image/sonyglobalsolutions/PIP_Desktop_XBBN2_02?$productIntroPlatedesktop$', 'https://sony.scene7.com/is/image/sonyglobalsolutions/PIP_Desktop_XBBN2_03?$productIntroPlatedesktop$', 'https://sony.scene7.com/is/image/sonyglobalsolutions/PIP_Desktop_XBBN2_04?$productIntroPlatedesktop$', 'https://sony.scene7.com/is/image/sonyglobalsolutions/PIP_Desktop_XBBN2_05?$productIntroPlatedesktop$', 'https://sony.scene7.com/is/image/sonyglobalsolutions/Product-Intro-Black_standard_D?$productIntroPlatedesktop$&fmt=png-alpha', 'https://sony.scene7.com/is/image/sonyglobalsolutions/Product-Intro-Black_front_D?$productIntroPlatedesktop$&fmt=png-alpha', 'https://sony.scene7.com/is/image/sonyglobalsolutions/Product-Intro-Black_side_D?$productIntroPlatedesktop$&fmt=png-alpha', 'https://sony.scene7.com/is/image/sonyglobalsolutions/Product-Intro-Black_button_D?$productIntroPlatedesktop$&fmt=png-alpha', 'https://sony.scene7.com/is/image/sonyglobalsolutions/Product-Intro-Black_fordable_D?$productIntroPlatedesktop$&fmt=png-alpha', 'https://sony.scene7.com/is/image/sonyglobalsolutions/Product-Intro-Black_swivel_D?$productIntroPlatedesktop$&fmt=png-alpha', 'https://sony.scene7.com/is/image/sonyglobalsolutions/Product-Intro-white_standard_D?$productIntroPlatedesktop$&fmt=png-alpha', 'https://sony.scene7.com/is/image/sonyglobalsolutions/Product-Intro-white_front_D?$productIntroPlatedesktop$&fmt=png-alpha', 'https://sony.scene7.com/is/image/sonyglobalsolutions/Product-Intro-white_side_D?$productIntroPlatedesktop$&fmt=png-alpha', 'https://sony.scene7.com/is/image/sonyglobalsolutions/Product-Intro-white_button_D?$productIntroPlatedesktop$&fmt=png-alpha', 'https://sony.scene7.com/is/image/sonyglobalsolutions/Product-Intro-forestgrey_standard_D?$productIntroPlatedesktop$&fmt=png-alpha', 'https://sony.scene7.com/is/image/sonyglobalsolutions/Product-Intro-forestgrey_front_D?$productIntroPlatedesktop$&fmt=png-alpha', 'https://sony.scene7.com/is/image/sonyglobalsolutions/Product-Intro-forestgrey_side_D?$productIntroPlatedesktop$&fmt=png-alpha', 'https://sony.scene7.com/is/image/sonyglobalsolutions/Product-Intro-forestgrey_button_D?$productIntroPlatedesktop$&fmt=png-alpha', 'https://sony.scene7.com/is/image/sonyglobalsolutions/Product-Intro-Acc1_D?$productIntroPlatedesktop$&fmt=png-alpha', 'https://sony.scene7.com/is/image/sonyglobalsolutions/Product-Intro-Acc2_D?$productIntroPlatedesktop$&fmt=png-alpha']","['Exceptional bass for powerful sound', 'Digital Noise Cancelling and Ambient Sound Mode let you control what you hear', 'DSEE™ restores high-frequency sound lost in compression', 'Fine-tune your sound using the Sony | Headphones Connect app', 'All-day\xa0comfort, and up to 30 hours of battery life']","['Headband', 'Noise Cancelling', 'Wireless']",Headphones
WF-1000XM5 Wireless Noise Cancelling Headphones,"Rs.29,990",4.0,418.0,"['https://sony.scene7.com/is/image/sonyglobalsolutions/WFM5_Product-Intro-Plate-D-1?$productIntroPlatedesktop$', 'https://sony.scene7.com/is/image/sonyglobalsolutions/01_D?$productIntroPlatedesktop$&fmt=png-alpha', 'https://sony.scene7.com/is/image/sonyglobalsolutions/02_D?$productIntroPlatedesktop$&fmt=png-alpha', 'https://sony.scene7.com/is/image/sonyglobalsolutions/03_D?$productIntroPlatedesktop$&fmt=png-alpha', 'https://sony.scene7.com/is/image/sonyglobalsolutions/04_D?$productIntroPlatedesktop$&fmt=png-alpha', 'https://sony.scene7.com/is/image/sonyglobalsolutions/05_D?$productIntroPlatedesktop$&fmt=png-alpha', 'https://sony.scene7.com/is/image/sonyglobalsolutions/d-Product-Intro-Plate-1-16?$productIntroPlatedesktop$', 'https://sony.scene7.com/is/image/sonyglobalsolutions/1_D?$productIntroPlatedesktop$&fmt=png-alpha', 'https://sony.scene7.com/is/image/sonyglobalsolutions/2_D?$productIntroPlatedesktop$&fmt=png-alpha', 'https://sony.scene7.com/is/image/sonyglobalsolutions/3_D?$productIntroPlatedesktop$&fmt=png-alpha', 'https://sony.scene7.com/is/image/sonyglobalsolutions/4_D?$productIntroPlatedesktop$&fmt=png-alpha', 'https://sony.scene7.com/is/image/sonyglobalsolutions/5_D?$productIntroPlatedesktop$&fmt=png-alpha', 'https://sony.scene7.com/is/image/sonyglobalsolutions/6_D?$productIntroPlatedesktop$&fmt=png-alpha', 'https://sony.scene7.com/is/image/sonyglobalsolutions/7_D?$productIntroPlatedesktop$&fmt=png-alpha', 'https://sony.scene7.com/is/image/sonyglobalsolutions/8_D?$productIntroPlatedesktop$&fmt=png-alpha', 'https://sony.scene7.com/is/image/sonyglobalsolutions/9_D?$productIntroPlatedesktop$&fmt=png-alpha', 'https://sony.scene7.com/is/image/sonyglobalsolutions/10_D?$productIntroPlatedesktop$&fmt=png-alpha']","['The best noise cancelling1 with two high-performance processors and dual feedback microphones', 'Stunning sound quality with specially designed driver unit', 'Superior noise-free calls with bone conduction sensor and noise reduction system (using AI)', 'Premium, ergonomic design for stable, comfortable fit', 'Water resistance and long battery life for everyday use']","['Noise Cancelling', 'Wireless', 'Water Resistant']",Headphones
WF-C510 Truly Wireless Headphones,"Rs.8,990",4.6,51.0,"['https://sony.scene7.com/is/image/sonyglobalsolutions/Product-Intro-1-D-9?$productIntroPlatedesktop$&fmt=png-alpha', 'https://sony.scene7.com/is/image/sonyglobalsolutions/Product-Intro-2-D-5?$productIntroPlatedesktop$&fmt=png-alpha', 'https://sony.scene7.com/is/image/sonyglobalsolutions/Product-Intro-3-D-4?$productIntroPlatedesktop$&fmt=png-alpha', 'https://sony.scene7.com/is/image/sonyglobalsolutions/Product-Intro-4-D-4?$productIntroPlatedesktop$&fmt=png-alpha', 'https://sony.scene7.com/is/image/sonyglobalsolutions/Product-Intro-5-D-3?$productIntroPlatedesktop$&fmt=png-alpha', 'https://sony.scene7.com/is/image/sonyglobalsolutions/Product-Intro-6-D-3?$productIntroPlatedesktop$&fmt=png-alpha', 'https://sony.scene7.com/is/image/sonyglobalsolutions/Product-Intro-7-D-2?$productIntroPlatedesktop$&fmt=png-alpha', 'https://sony.scene7.com/is/image/sonyglobalsolutions/Product-Intro-8-D-1?$productIntroPlatedesktop$&fmt=png-alpha', 'https://sony.scene7.com/is/image/sonyglobalsolutions/Product-Intro-9-D-1?$productIntroPlatedesktop$&fmt=png-alpha', 'https://sony.scene7.com/is/image/sonyglobalsolutions/Product-Intro-10-D-1?$productIntroPlatedesktop$&fmt=png-alpha', 'https://sony.scene7.com/is/image/sonyglobalsolutions/Product-Intro-11-D-1?$productIntroPlatedesktop$&fmt=png-alpha', 'https://sony.scene7.com/is/image/sonyglobalsolutions/Product-Intro-12-D-1?$productIntroPlatedesktop$&fmt=png-alpha', 'https://sony.scene7.com/is/image/sonyglobalsolutions/Product-Intro-13-D-1?$productIntroPlatedesktop$&fmt=png-alpha', 'https://sony.scene7.com/is/image/sonyglobalsolutions/Product-Intro-14-D-1?$productIntroPlatedesktop$&fmt=png-alpha', 'https://sony.scene7.com/is/image/sonyglobalsolutions/Product-Intro-15-D-1?$productIntroPlatedesktop$&fmt=png-alpha', 'https://sony.scene7.com/is/image/sonyglobalsolutions/Product-Intro-16-D-1?$productIntroPlatedesktop$&fmt=png-alpha']","['Compact and lightweight for comfort all day long', '11 hours of battery life, with another 11 hours in the charging case', 'Multipoint Connection lets you pair to two Bluetooth® devices simultaneously', 'Stay present with Ambient Sound Mode', 'Great sound quality and a range of customisable EQ presets']","['Wireless', 'Water Resistant']",Headphones
WF-C700N Wireless Noise Cancelling Headphones,"Rs.12,990",4.1,199.0,"['https://sony.scene7.com/is/image/sonyglobalsolutions/WF-C700N_Product-Intro_1_D?$productIntroPlatedesktop$&fmt=png-alpha', 'https://sony.scene7.com/is/image/sonyglobalsolutions/WF-C700N_Product-Intro_2_D?$productIntroPlatedesktop$&fmt=png-alpha', 'https://sony.scene7.com/is/image/sonyglobalsolutions/WF-C700N_Product-Intro_3_D?$productIntroPlatedesktop$&fmt=png-alpha', 'https://sony.scene7.com/is/image/sonyglobalsolutions/WF-C700N_Product-Intro_4_D?$productIntroPlatedesktop$&fmt=png-alpha', 'https://sony.scene7.com/is/image/sonyglobalsolutions/WF-C700N_Product-Intro_5_D?$productIntroPlatedesktop$&fmt=png-alpha', 'https://sony.scene7.com/is/image/sonyglobalsolutions/WF-C700N_Product-Intro_21_D?$productIntroPlatedesktop$&fmt=png-alpha']","['Digital noise cancelling and Ambient Sound Mode let you control what you hear', 'Compact and lightweight for a comfortable fit', 'DSEE™ restores high-frequency sound lost in compression', 'Fine-tune your sound using the \nSony | Headphones Connect app', 'Clear hands-free calls with wind noise reduction structure.']","['Noise Cancelling', 'Water Resistant']",Headphones
WH-1000XM5 Wireless Noise Cancelling Headphones,"Rs. 34,9902",4.5,823.0,['https://www.sony.co.in/image/6145c1d32e6ac8e63a46c912dc33c5bb?fmt=pjpeg&wid=110&bgcolor=FFFFFF&bgc=FFFFFF'],"['HD Noise Cancelling Processor QN1, Integrated Processor V1 and multiple microphones for distraction-free listening ', 'Fully automatic Personal Noise Cancelling Optimiser and Atmospheric Pressure Optimising ', '30-mm specially designed driver unit for exceptional sound ', 'Superior noise-free calls with 2 x 2 beamforming microphones and noise reduction system (using AI) ', 'Super comfortable lightweight design in ""Soft fit leather"" ']","['Noise Cancelling', 'Wireless']",Headphones
WH-CH720N Wireless Noise Cancelling Headphones,"Rs.14,990",4.5,507.0,"['https://sony.scene7.com/is/image/sonyglobalsolutions/wh-ch720_black01_D?$productIntroPlatedesktop$&fmt=png-alpha', 'https://sony.scene7.com/is/image/sonyglobalsolutions/wh-ch720_black02_D?$productIntroPlatedesktop$&fmt=png-alpha', 'https://sony.scene7.com/is/image/sonyglobalsolutions/wh-ch720_black03_D?$productIntroPlatedesktop$&fmt=png-alpha', 'https://sony.scene7.com/is/image/sonyglobalsolutions/wh-ch720_black04_D?$productIntroPlatedesktop$&fmt=png-alpha', 'https://sony.scene7.com/is/image/sonyglobalsolutions/wh-ch720_black05_D?$productIntroPlatedesktop$&fmt=png-alpha', 'https://sony.scene7.com/is/image/sonyglobalsolutions/wh-ch720_black06_D?$productIntroPlatedesktop$&fmt=png-alpha', 'https://sony.scene7.com/is/image/sonyglobalsolutions/wh-ch720_black07_D?$productIntroPlatedesktop$&fmt=png-alpha', 'https://sony.scene7.com/is/image/sonyglobalsolutions/wh-ch720_blue01_D?$productIntroPlatedesktop$&fmt=png-alpha', 'https://sony.scene7.com/is/image/sonyglobalsolutions/wh-ch720_blue02_D?$productIntroPlatedesktop$&fmt=png-alpha', 'https://sony.scene7.com/is/image/sonyglobalsolutions/wh-ch720_blue03_D?$productIntroPlatedesktop$&fmt=png-alpha', 'https://sony.scene7.com/is/image/sonyglobalsolutions/wh-ch720_blue04_D?$productIntroPlatedesktop$&fmt=png-alpha', 'https://sony.scene7.com/is/image/sonyglobalsolutions/wh-ch720_blue05_D?$productIntroPlatedesktop$&fmt=png-alpha', 'https://sony.scene7.com/is/image/sonyglobalsolutions/wh-ch720_blue06_D?$productIntroPlatedesktop$&fmt=png-alpha', 'https://sony.scene7.com/is/image/sonyglobalsolutions/wh-ch720_white01_D?$productIntroPlatedesktop$&fmt=png-alpha', 'https://sony.scene7.com/is/image/sonyglobalsolutions/wh-ch720_white02_D?$productIntroPlatedesktop$&fmt=png-alpha', 'https://sony.scene7.com/is/image/sonyglobalsolutions/wh-ch720_white03_D?$productIntroPlatedesktop$&fmt=png-alpha', 'https://sony.scene7.com/is/image/sonyglobalsolutions/wh-ch720_white04_D?$productIntroPlatedesktop$&fmt=png-alpha', 'https://sony.scene7.com/is/image/sonyglobalsolutions/wh-ch720_white05_D?$productIntroPlatedesktop$&fmt=png-alpha', 'https://sony.scene7.com/is/image/sonyglobalsolutions/wh-ch720_white06_D?$productIntroPlatedesktop$&fmt=png-alpha']","['Noise Cancelling with Dual Noise Sensor technology and the Integrated Processor V1.', 'Super-comfortable lightweight design.', 'All-day listening with up to 35 hours of battery life.', 'DSEE™ restores high-frequency sound and fine fade-out sound lost in compression.', 'Easy and clear hands-free calling and voice assistant with wake word.']","['Headband', 'Noise Cancelling']",Headphones
