name,model,size,price,rating,review_count,images,features,sub_category,category
2.1ch Home Theatre Satellite Speakers,None,None,"['Rs.8,9901']",0,0,['https://www.sony.co.in/image/3dde82e0cc76fb82f0647aa3970b3ca5?fmt=pjpeg&wid=110&bgcolor=FFFFFF&bgc=FFFFFF'],"['2.1ch system with 60 W total power output ', 'Easy Wireless listening with Bluetooth ', 'USB and audio-in playback ', 'Supplied with remote control ', 'Big Size SubWoofer Box for Wider sound effect of Multimedia Speaker ']",Home Theatre Speakers,Home Theatre and Sound bars
360 Spatial Sound Mapping Dolby AtmosÂ® / DTS:XÂ® 3.1ch Soundbar | HT-A3000,None,None,"['Rs.69,9901']",4,46,['https://www.sony.co.in/image/4d8defd03d7bab8490ebe9f236a4f3e0?fmt=pjpeg&wid=110&bgcolor=FFFFFF&bgc=FFFFFF'],"['Supports 360 Spatial Sound Mapping with optional rear speakers ', 'S-Force PRO Front Surround and Vertical Surround Engine for multi-dimensional sound ', 'A built-in dual subwoofer and three front speakers including a dedicated centre speaker for immersive movies ', 'Sound Field Optimisation for easy set up with optional speakers ', 'Stream all your music with wireless connectivity ']",Soundbars,Home Theatre and Sound bars
360 Spatial Sound Mapping Dolby AtmosÂ®/DTS:XÂ® 5.1.2ch Soundbar | HT-A5000,None,None,"['Rs.104,9901']",4.5,32,['https://www.sony.co.in/image/d93db98f7609b848c0333d5319bb0490?fmt=pjpeg&wid=110&bgcolor=FFFFFF&bgc=FFFFFF'],"['Supports 360 Spatial Sound Mapping with optional rear speakers ', 'S-Force PRO Front Surround and Vertical Surround Engine for multi-dimensional sound ', 'Up-firing speakers, beam tweeters, a built-in dual subwoofer and three front speakers ', 'Sound Field Optimization for easy set up ', 'Stream all your music with wireless connectivity ']",Soundbars,Home Theatre and Sound bars
360 Spatial Sound Mapping Dolby AtmosÂ®/DTS:XÂ® Home Theatre System | HT-A9,None,None,"['Rs.169,9901']",0,0,['https://www.sony.co.in/image/60bc3428f7308285e5babc003192e4c4?fmt=pjpeg&wid=110&bgcolor=FFFFFF&bgc=FFFFFF'],"['360 Spatial Sound Mapping for a whole new surround experience ', 'Flexible layout with wireless connectivity ', 'Sound Field Optimization for easy set up ', 'Immersive Audio Enhancement converts regular audio to Spatial Sound ', 'Multiple phantom speakers for immersive movies and music ']","['Soundbars', 'Home Theatre Systems']",Home Theatre and Sound bars
4.1ch Home Theatre Satellite Speakers,None,None,"['Rs.13,9901']",0,0,['https://www.sony.co.in/image/a78fa7de1c06509970540649e2e1db1d?fmt=pjpeg&wid=110&bgcolor=FFFFFF&bgc=FFFFFF'],"['4.1ch system with 80 W total power output ', 'Supplied with remote control ', 'Big Size SubWoofer Box for Wider sound effect of Multimedia Speaker ', 'Enjoy easy wireless connectivity with Bluetooth ', 'USB and audio-in playback ']",Home Theatre Speakers,Home Theatre and Sound bars
7.1.2ch Dolby AtmosÂ®/ DTS:XÂ® Soundbar | HT-A7000,None,None,"['Rs.149,9901']",0,0,['https://www.sony.co.in/image/3368a02b62122671f2fc7271424337dd?fmt=pjpeg&wid=110&bgcolor=FFFFFF&bgc=FFFFFF'],"['S-Force PRO Front Surround and Vertical Surround Engine for multi-dimensional sound ', 'Immersive Audio Enhancement adds overhead sound to conventional surround soundtracks and even stereo audio ', 'Up-firing speakers, beam tweeters, a built-in dual subwoofer and five front speakers ', 'Sound Field Optimization for easy set up ', 'Wireless connectivity for music streaming ']",Soundbars,Home Theatre and Sound bars
A300 WalkmanÂ® A Series,None,None,"['Rs.Rs.29,990']",3.9,61,"['https://sony.scene7.com/is/image/sonyglobalsolutions/NW-A300_Intro1_D?$productIntroPlatedesktop$', 'https://sony.scene7.com/is/image/sonyglobalsolutions/NW-A300_Gallery1-1?$productIntroPlatedesktop$&fmt=png-alpha', 'https://sony.scene7.com/is/image/sonyglobalsolutions/NW-A300_Gallery2-1?$productIntroPlatedesktop$&fmt=png-alpha', 'https://sony.scene7.com/is/image/sonyglobalsolutions/NW-A300_Gallery3-1?$productIntroPlatedesktop$&fmt=png-alpha', 'https://sony.scene7.com/is/image/sonyglobalsolutions/NW-A300_Gallery4-1?$productIntroPlatedesktop$&fmt=png-alpha', 'https://sony.scene7.com/is/image/sonyglobalsolutions/NW-A300_Gallery5-1?$productIntroPlatedesktop$&fmt=png-alpha', 'https://sony.scene7.com/is/image/sonyglobalsolutions/NW-A300_Gallery6-1?$productIntroPlatedesktop$&fmt=png-alpha', 'https://sony.scene7.com/is/image/sonyglobalsolutions/A300_Gray_1_D?$productIntroPlatedesktop$&fmt=png-alpha', 'https://sony.scene7.com/is/image/sonyglobalsolutions/A300_Gray_2_D?$productIntroPlatedesktop$&fmt=png-alpha', 'https://sony.scene7.com/is/image/sonyglobalsolutions/A300_Gray_3_D?$productIntroPlatedesktop$&fmt=png-alpha', 'https://sony.scene7.com/is/image/sonyglobalsolutions/A300_Gray_4_D?$productIntroPlatedesktop$&fmt=png-alpha', 'https://sony.scene7.com/is/image/sonyglobalsolutions/A300_Blue_1_D?$productIntroPlatedesktop$&fmt=png-alpha', 'https://sony.scene7.com/is/image/sonyglobalsolutions/A300_Blue_2_D?$productIntroPlatedesktop$&fmt=png-alpha', 'https://sony.scene7.com/is/image/sonyglobalsolutions/A300_Blue_3_D?$productIntroPlatedesktop$&fmt=png-alpha', 'https://sony.scene7.com/is/image/sonyglobalsolutions/A300_Blue_4_D?$productIntroPlatedesktop$&fmt=png-alpha']","['High-quality sound playback', 'High-end components', 'Longer battery life', 'Easy downloading and streaming', 'Fully portable']","['Premium', 'Music Streaming']",Walkman
BRAVIA Theatre Bar 8 | Single Soundbar | 360 Spatial Sound Mapping | Dolby AtmosÂ®/DTS:XÂ®,None,None,"['Rs.Rs.104,990']",5,7,"[‘https://m.media-amazon.com/images/I/516XwYWQFDL._SL1500_.jpg’, ‘https://m.media-amazon.com/images/I/51cZWkA6psL._SL1500_.jpg’]","[   '360 Spatial Sound Mapping with 11 speaker units delivers immersive surround sound to a wider area.',
    'Combines physical and phantom speakers for a wider surround sound field.',
    'Sound Field Optimisation ensures movie theatre surround sound regardless of seat or room acoustics.',
    'Offers outstanding acoustic performance with 11 high-quality speaker units.',
    'Simple setup and smartphone control make surround sound easy to use.',
    'Pair with a BRAVIA TV for an unmatched cinematic audio-visual experience.',
    'Supports the latest audio and visual formats, enhancing movies, games, and music.',
    'Stream music with high-quality upmixed sound for a rich listening experience.',
    'Environmentally conscious design with reduced use of virgin plastics in products and packaging.',
    'Cinematic sound with a single soundbar featuring 360 Spatial Sound Mapping and Dolby Atmos®/DTS:X®.']",Soundbars,Home Theatre and Sound Bars
BRAVIA Theatre Bar 9 | Flagship Single Soundbar | 360 Spatial Sound Mapping | Dolby AtmosÂ®/DTS:XÂ®,None,None,"['Rs.Rs.149,990']",5,7,"[‘https://m.media-amazon.com/images/I/61giIWXu80L._SL1500_.jpg’, ‘https://m.media-amazon.com/images/I/51lI7nUxe8L._SL1500_.jpg’]","[
    'Top-of-the-range soundbar with 360 Spatial Sound Mapping and 13 speaker units for immersive cinematic sound.',
    'Combines physical and phantom speakers to create a wider surround sound field for outstanding immersion.',
    'Sound Field Optimisation ensures movie theatre surround sound regardless of seat or room acoustics.',
    'Innovative acoustic design with 13 high-performance speaker units.',
    'Simple setup and smartphone control make surround sound easy to use.',
    'Pair with a BRAVIA TV for an unmatched cinematic audio-visual experience.',
    'Supports the latest audio and visual formats, enhancing movies, games, and music.',
    'Stream music with high-quality upmixed sound for a rich listening experience.',
    'Environmentally conscious design with reduced use of virgin plastics in products and packaging.',
    'Flagship single soundbar featuring 360 Spatial Sound Mapping, Dolby Atmos®/DTS:X®, and two-way speakers.'
]",Soundbars,Home Theatre and Sound Bars
BRAVIA Theatre Quad | Flagship home cinema system | 360 Spatial Sound Mapping | Dolby AtmosÂ®/DTS:XÂ®,None,None,"['Rs.Rs.239,990']",5,5,[‘https://m.media-amazon.com/images/I/81M9g3GdjFL._SL1500_.jpg’],"[
    'Flagship home cinema system with four wireless speakers and 360 Spatial Sound Mapping for true cinematic sound.',
    'Combines physical and phantom speakers to create a wider surround sound field for outstanding immersion.',
    'Designed to blend seamlessly with interiors, featuring wall-mounted or free-standing wireless speakers.',
    'Sound Field Optimisation ensures movie theatre surround sound regardless of seat or room acoustics.',
    'Innovative acoustic design delivers exceptional performance with advanced physical speakers.',
    'Simple setup and smartphone control make surround sound easy to use.',
    'Pair with a BRAVIA TV for an unmatched cinematic audio-visual experience.',
    'Supports the latest audio and visual formats, enhancing movies, games, and music.',
    'Stream music with high-quality upmixed sound for an immersive listening experience.',
    'Environmentally conscious design with reduced use of virgin plastics in products and packaging.'
]","['Soundbars', 'Home Theatre Systems']",Home Theatre and Sound Bars
BRAVIA Theatre U | Wireless Neckband Speaker | Dolby Atmos®,None,None,"['Rs.Rs.29,990']",3.3,3,"['https://sony.scene7.com/is/image/sonyglobalsolutions/HAVFY24_NS2_0_insitu_D?$productIntroPlatedesktop$&fmt=png-alpha', 'https://sony.scene7.com/is/image/sonyglobalsolutions/HAVFY24_NS2_1_main_D?$productIntroPlatedesktop$&fmt=png-alpha', 'https://sony.scene7.com/is/image/sonyglobalsolutions/HAVFY24_NS2_2_front_D?$productIntroPlatedesktop$&fmt=png-alpha', 'https://sony.scene7.com/is/image/sonyglobalsolutions/HAVFY24_NS2_3_front_thin_D?$productIntroPlatedesktop$&fmt=png-alpha', 'https://sony.scene7.com/is/image/sonyglobalsolutions/HAVFY24_NS2_4_front_thick_D?$productIntroPlatedesktop$&fmt=png-alpha', 'https://sony.scene7.com/is/image/sonyglobalsolutions/HAVFY24_NS2_5_left_D?$productIntroPlatedesktop$&fmt=png-alpha', 'https://sony.scene7.com/is/image/sonyglobalsolutions/HAVFY24_NS2_6_rear-a_D?$productIntroPlatedesktop$&fmt=png-alpha']","['A whole new surround experience with 360 Spatial Sound Personaliser', 'Immersive sound for you and a friend using dual BRAVIA Theatre U speakers by Speaker Add function', 'Low latency gaming with the supplied wired connection', 'Clear hands-free calls with Precise Voice Pickup Technology', 'IPX4 splash-proof design for worry-free entertainment while doing household chores', 'Switch between PC web conferencing and smartphone calls with Multipoint connection']","['Portable', 'Neckband Speakers']",Wireless Speakers
BRAVIA Theatre U | Wireless Neckband Speaker | Dolby AtmosÂ®,None,None,"['Rs.Rs.29,990']",3.3,3,"['https://sony.scene7.com/is/image/sonyglobalsolutions/HAVFY24_NS2_0_insitu_D?$productIntroPlatedesktop$&fmt=png-alpha', 'https://sony.scene7.com/is/image/sonyglobalsolutions/HAVFY24_NS2_1_main_D?$productIntroPlatedesktop$&fmt=png-alpha', 'https://sony.scene7.com/is/image/sonyglobalsolutions/HAVFY24_NS2_2_front_D?$productIntroPlatedesktop$&fmt=png-alpha', 'https://sony.scene7.com/is/image/sonyglobalsolutions/HAVFY24_NS2_3_front_thin_D?$productIntroPlatedesktop$&fmt=png-alpha', 'https://sony.scene7.com/is/image/sonyglobalsolutions/HAVFY24_NS2_4_front_thick_D?$productIntroPlatedesktop$&fmt=png-alpha', 'https://sony.scene7.com/is/image/sonyglobalsolutions/HAVFY24_NS2_5_left_D?$productIntroPlatedesktop$&fmt=png-alpha', 'https://sony.scene7.com/is/image/sonyglobalsolutions/HAVFY24_NS2_6_rear-a_D?$productIntroPlatedesktop$&fmt=png-alpha']","['A whole new surround experience with 360 Spatial Sound Personaliser', 'Immersive sound for you and a friend using dual BRAVIA Theatre U speakers by Speaker Add function', 'Low latency gaming with the supplied wired connection', 'Clear hands-free calls with Precise Voice Pickup Technology', 'IPX4 splash-proof design for worry-free entertainment while doing household chores', 'Switch between PC web conferencing and smartphone calls with Multipoint connection']",Neckband Speakers,Home Theatre and Sound Bars
Dolby AtmosÂ®/DTS:XÂ® 3.1ch Soundbar | HT-S2000,None,None,"['Rs.Rs.51,990']",4.3,45,"['https://sony.scene7.com/is/image/sonyglobalsolutions/CE2_primarytout_D?$productIntroPlatedesktop$', 'https://sony.scene7.com/is/image/sonyglobalsolutions/D_01_HT-S2000_main?$productIntroPlatedesktop$&fmt=png-alpha', 'https://sony.scene7.com/is/image/sonyglobalsolutions/D_02_HT-S2000_front?$productIntroPlatedesktop$&fmt=png-alpha', 'https://sony.scene7.com/is/image/sonyglobalsolutions/D_3_HT-S2000_thumbnail?$productIntroPlatedesktop$&fmt=png-alpha', 'https://sony.scene7.com/is/image/sonyglobalsolutions/D_04_HT-S2000_top?$productIntroPlatedesktop$&fmt=png-alpha', 'https://sony.scene7.com/is/image/sonyglobalsolutions/D_05_HT-S2000_rear_A_E?$productIntroPlatedesktop$&fmt=png-alpha', 'https://sony.scene7.com/is/image/sonyglobalsolutions/D_06_HT-S2000_TV?$productIntroPlatedesktop$&fmt=png-alpha', 'https://sony.scene7.com/is/image/sonyglobalsolutions/D_07_HT-S2000_HT-S400_Remo?$productIntroPlatedesktop$&fmt=png-alpha']","['Cinematic surround sound with Dolby AtmosÂ® and DTS:XÂ®', 'S-Force PRO Front Surround and Vertical Surround Engine for multi-dimensional sound', 'New upmixer elevates all stereo content to three-dimensional surround sound', 'Simple 3.1ch soundbar with built-in dual subwoofer', 'Easy setup with one-cable-connection and smartphone app to guide your initial settings']",Soundbars,Home Theatre and Sound Bars
INZONE Buds Truly Wireless Noise Cancelling Gaming Earbuds,None,None,"['Rs.Rs.22,990']",4.5,21,"['https://sony.scene7.com/is/image/sonyglobalsolutions/Product-Intro-Plate_Desktop_00?$productIntroPlatedesktop$&fmt=png-alpha', 'https://sony.scene7.com/is/image/sonyglobalsolutions/Product-Intro-Plate_Desktop_01-6?$productIntroPlatedesktop$&fmt=png-alpha', 'https://sony.scene7.com/is/image/sonyglobalsolutions/Product-Intro-Plate_Desktop_02-6?$productIntroPlatedesktop$&fmt=png-alpha', 'https://sony.scene7.com/is/image/sonyglobalsolutions/Product-Intro-Plate_Desktop_03-1?$productIntroPlatedesktop$&fmt=png-alpha', 'https://sony.scene7.com/is/image/sonyglobalsolutions/Product-Intro-Plate_Desktop_04-1?$productIntroPlatedesktop$&fmt=png-alpha', 'https://sony.scene7.com/is/image/sonyglobalsolutions/Product-Intro-Plate_Desktop_05-1?$productIntroPlatedesktop$&fmt=png-alpha', 'https://sony.scene7.com/is/image/sonyglobalsolutions/Product-Intro-Plate_Desktop_06-1?$productIntroPlatedesktop$&fmt=png-alpha', 'https://sony.scene7.com/is/image/sonyglobalsolutions/Product-Intro-Plate_Desktop_07-1?$productIntroPlatedesktop$&fmt=png-alpha', 'https://sony.scene7.com/is/image/sonyglobalsolutions/Product-Intro-Plate_Desktop_08-1?$productIntroPlatedesktop$&fmt=png-alpha', 'https://sony.scene7.com/is/image/sonyglobalsolutions/Product-Intro-Plate_Desktop_09?$productIntroPlatedesktop$&fmt=png-alpha', 'https://sony.scene7.com/is/image/sonyglobalsolutions/Product-Intro-Plate_Desktop_10?$productIntroPlatedesktop$&fmt=png-alpha', 'https://sony.scene7.com/is/image/sonyglobalsolutions/Product-Intro-Plate_Desktop_11?$productIntroPlatedesktop$&fmt=png-alpha', 'https://sony.scene7.com/is/image/sonyglobalsolutions/Product-Intro-Plate_Desktop_12?$productIntroPlatedesktop$&fmt=png-alpha', 'https://sony.scene7.com/is/image/sonyglobalsolutions/Product-Intro-Plate_Desktop_13?$productIntroPlatedesktop$&fmt=png-alpha']","['360 Spatial Sound for Gaming and advanced personalisation shaped to your ear', 'Cancels out the background, so you can focus on the game', 'Truly wireless Buds with lighter ear contact for increased comfort', 'Up to 12 hours of battery for longer gaming sessions', 'An AI-assisted microphone helps your voice cut through the in-game sound']",Gaming,Headphones
INZONE H3 Wired Gaming Headset,None,None,"['Rs.9,9901']",4.5,28,"['https://www.sony.co.in/image/39bf4d07b80f99034f09db5d7644e036?fmt=pjpeg&wid=110&bgcolor=FFFFFF&bgc=FFFFFF', 'https://www.sony.co.in/image/b3cf69690ec0d3f5ebfdad6463937ea7?fmt=pjpeg&wid=64&bgcolor=F1F5F9&bgc=F1F5F9', 'https://www.sony.co.in/image/8c65cb7f6fbbd7d976b29002d3cb36ab?fmt=pjpeg&wid=64&bgcolor=F1F5F9&bgc=F1F5F9', 'https://www.sony.co.in/image/183b7ead44077e1909390f91ba03db8c?fmt=pjpeg&wid=64&bgcolor=F1F5F9&bgc=F1F5F9', 'https://www.sony.co.in/image/e45a967e8f43e666f62078ec97e3038a?fmt=pjpeg&wid=64&bgcolor=F1F5F9&bgc=F1F5F9']","['360 Spatial Sound for Gaming for precise rival detection ', 'Soft headband cushion and smooth nylon ear pads for wearing comfort ', 'Boom microphone for seamless team communication ', 'Easy operation with multiple control buttons ', 'Customise settings using INZONE Hub PC software ']",Gaming,Headphones
INZONE H5 Wireless Gaming Headset,None,None,"['Rs.Rs.19,990']",4.9,19,"['https://sony.scene7.com/is/image/sonyglobalsolutions/d-Product-Intro-Plate-15?$productIntroPlatedesktop$&fmt=png-alpha', 'https://sony.scene7.com/is/image/sonyglobalsolutions/d-Product-Intro-Plate-9-1?$productIntroPlatedesktop$&fmt=png-alpha', 'https://sony.scene7.com/is/image/sonyglobalsolutions/d-Product-Intro-Plate-8-4?$productIntroPlatedesktop$&fmt=png-alpha', 'https://sony.scene7.com/is/image/sonyglobalsolutions/d-Product-Intro-Plate-5-8?$productIntroPlatedesktop$&fmt=png-alpha', 'https://sony.scene7.com/is/image/sonyglobalsolutions/d-Product-Intro-Plate-3-10?$productIntroPlatedesktop$&fmt=png-alpha', 'https://sony.scene7.com/is/image/sonyglobalsolutions/d-Product-Intro-Plate-11?$productIntroPlatedesktop$&fmt=png-alpha', 'https://sony.scene7.com/is/image/sonyglobalsolutions/d-Product-Intro-Plate-10-1?$productIntroPlatedesktop$&fmt=png-alpha', 'https://sony.scene7.com/is/image/sonyglobalsolutions/d-Product-Intro-Plate-13?$productIntroPlatedesktop$&fmt=png-alpha', 'https://sony.scene7.com/is/image/sonyglobalsolutions/d-Product-Intro-Plate-12?$productIntroPlatedesktop$&fmt=png-alpha', 'https://sony.scene7.com/is/image/sonyglobalsolutions/d-Product-Intro-Plate-14?$productIntroPlatedesktop$&fmt=png-alpha']","['Precise rival detection with 360 Spatial Sound for Gaming', 'Light 260 g total weight and low-pressure fit', 'Bidirectional boom microphone with AI-based noise reduction technology', '28 hours of battery\xa0', 'Wireless or wired listening options']",Gaming,Headphones
LinkBuds Open,None,None,"['Rs.Rs.26,990']",4.4,28,"[‘https://m.media-amazon.com/images/I/51CzU0oh-GL._SL1500_.jpg’, ‘https://m.media-amazon.com/images/I/61gsOIXDlNL._SL1500_.jpg’]","[
    'Open ring design keeps you connected to your surroundings while delivering high-fidelity sound.',
    'New Air Fitting Supporters offer lightweight, ergonomic comfort for all-day wear.',
    'Choose from a range of colours, Fitting Supporters, and Case Covers to match your style.',
    '11 mm ring-shaped driver and Integrated Processor V2 provide clear, balanced audio.',
    'Adaptive Volume Control adjusts sound levels based on your environment for optimal listening.',
    'Digital Sound Enhancement Engine (DSEE™) restores compressed audio for rich, detailed sound.',
    'Precise voice pickup and AI-powered noise reduction ensure ultra-clear calls, even in noisy places.',
    'Head tracking adjusts sound fields to your movements for a realistic, immersive experience.',
    '360 Spatial Sound Personalizer app customises spatial audio based on your ear shape.',
    'Auto Play starts music or notifications automatically, tailored to your daily routines and activities.'
]","['Truly Wireless', 'Water Resistant']",Headphones
LinkBuds S,None,None,"['Rs.24,9901']",4,228,['https://www.sony.co.in/image/c0d5f94fb6eaca7bf75bffe64874c195?fmt=pjpeg&wid=110&bgcolor=FFFFFF&bgc=FFFFFF'],"['Always on for connecting your online and offline worlds ', 'Automatically switches between optimised ambient sound and noise cancelling ', 'Ultra-small, lightweight and super fit ', 'Immersive music and clear calls ', '20 hours battery life with a 5-minute quick charge for up to 60 minutes of play time ']","['Noise Cancelling', 'Wireless', 'Water Resistant']",Headphones
MDR-EX14AP / 15AP In-ear Headphones,None,None,"['Rs.1,2901']",3.5,19,"['https://www.sony.co.in/image/907417c102de80c45058b7d9f0f6584e?fmt=pjpeg&wid=110&bgcolor=FFFFFF&bgc=FFFFFF', 'https://www.sony.co.in/image/d083c8e3ec15ff02969e28d305dbb870?fmt=pjpeg&wid=64&bgcolor=F1F5F9&bgc=F1F5F9', 'https://www.sony.co.in/image/b3f5ea3cd3ac7f06787c94b465596767?fmt=pjpeg&wid=64&bgcolor=F1F5F9&bgc=F1F5F9', 'https://www.sony.co.in/image/33e4a103552e7f50d0090318fb6c8ce4?fmt=pjpeg&wid=64&bgcolor=F1F5F9&bgc=F1F5F9', 'https://www.sony.co.in/image/80ba67b3ed333041dc45c76092dad536?fmt=pjpeg&wid=64&bgcolor=F1F5F9&bgc=F1F5F9']","['Comfortable, secure-fitting silicone earbuds ', 'Lightweight for ultimate music mobility ', 'Choice of colours to suit your style ', '9 mm neodymium drivers for powerful, balanced sound ', '8 Hz–22 kHz frequency range ']",In-Ear,Headphones
MDR-M1 Closed Monitor Headphones,None,None,"['Rs.Rs.39,990']",5,1,"['/content/dam/sony/contents/global/audio/headphones/year-2024/mdr-m1/product-image/product-intro-plate/fn-Product-Intro-Plate_D-01.png', '/content/dam/sony/contents/global/audio/headphones/year-2024/mdr-m1/product-image/product-intro-plate/fn-Product-Intro-Plate_D-02.png', '/content/dam/sony/contents/global/audio/headphones/year-2024/mdr-m1/product-image/product-intro-plate/fn-Product-Intro-Plate_D-03.png', '/content/dam/sony/contents/global/audio/headphones/year-2024/mdr-m1/product-image/product-intro-plate/fn-Product-Intro-Plate_D-04.png', '/content/dam/sony/contents/global/audio/headphones/year-2024/mdr-m1/product-image/product-intro-plate/fn-Product-Intro-Plate_D-05.png', '/content/dam/sony/contents/global/audio/headphones/year-2024/mdr-m1/product-image/product-intro-plate/fn-Product-Intro-Plate_D-06.png', '/content/dam/sony/contents/global/audio/headphones/year-2024/mdr-m1/product-image/product-intro-plate/fn-Product-Intro-Plate_D-07.png']","['Studio reference quality for a wide range of audio production workflows', 'Excellent wearing comfort', 'For professional stereo and High-Resolution Audio monitoring', 'Carefully tuned closed acoustic structure', 'Exclusively developed driver units', 'Detachable cables for professional functionality and reliability']",Headband,Headphones
PX470 Digital Voice Recorder PX Series,None,None,"['Rs.5,9901']",4.5,36,"['https://www.sony.co.in/image/d453b263bb16d76bfe337e379c560bd2?fmt=pjpeg&wid=110&bgcolor=FFFFFF&bgc=FFFFFF', 'https://www.sony.co.in/image/257292e8455d374e27ae355747c59029?fmt=pjpeg&wid=64&bgcolor=F1F5F9&bgc=F1F5F9', 'https://www.sony.co.in/image/1a5a4406f8e8756b18a2b9ccf8dd4486?fmt=pjpeg&wid=64&bgcolor=F1F5F9&bgc=F1F5F9', 'https://www.sony.co.in/image/91f447d53fe9c0cea45d95df4dc0f311?fmt=pjpeg&wid=64&bgcolor=F1F5F9&bgc=F1F5F9', 'https://www.sony.co.in/image/df6c05df13d3946449e88c2492ec6d0f?fmt=pjpeg&wid=64&bgcolor=F1F5F9&bgc=F1F5F9', 'https://www.sony.co.in/image/672faf7f924af97b97574b3ea1f44b98?fmt=pjpeg&wid=64&bgcolor=F1F5F9&bgc=F1F5F9']","['4 GB internal memory, expandable to 32 GB with micro SD ', 'S-microphone system records distant or quiet sounds clearly ', 'Focus and Wide-Stereo recording captures the voices you want to hear ', 'Auto voice recording reduces background noise ', 'Built-in USB connector makes transferring files easy ']",Voice Memo Recorders,Digital Voice Recorders
SA-D40M2 Powerful 100W Multimedia Speaker System,None,None,"['Rs.Rs.13,990']",0,0,[‘https://m.media-amazon.com/images/I/81cKrOHbENL._SL1500_.jpg’],"['4.1ch system with 100 W total power output', 'Supplied with remote control', 'High-capacity subwoofer for powerful bass sound', 'Enjoy easy wireless connectivity with BluetoothÂ®2', 'USB and analogue audio input']",Home Theatre Speakers,Home Theatre and Sound Bars
SA-RS3S Total 100Â W Additional Wireless Rear Speakers,None,None,"['Rs.35,9901']",4,18,"['https://www.sony.co.in/image/aa15a6c5b769c8868d27fd334b72c8b1?fmt=pjpeg&wid=110&bgcolor=FFFFFF&bgc=FFFFFF', 'https://www.sony.co.in/image/5f8ad349e892887206efea6a020d6f48?fmt=pjpeg&wid=64&bgcolor=F1F5F9&bgc=F1F5F9', 'https://www.sony.co.in/image/b84ced813dd3171fd0a23cafa0dd6402?fmt=pjpeg&wid=64&bgcolor=F1F5F9&bgc=F1F5F9', 'https://www.sony.co.in/image/b5eae2d9c1e00772e1071b1ae2638ec1?fmt=pjpeg&wid=64&bgcolor=F1F5F9&bgc=F1F5F9', 'https://www.sony.co.in/image/f291da43f90d42faa6e38d512f6deb58?fmt=pjpeg&wid=64&bgcolor=F1F5F9&bgc=F1F5F9', 'https://www.sony.co.in/image/b99788536dc9dc3eed5aa1787fa9cb94?fmt=pjpeg&wid=64&bgcolor=F1F5F9&bgc=F1F5F9']","['Optional wireless rear speakers for your soundbar ', 'Total 100 W power output brings music and films to life ', 'Two-way speakers for clear, expansive sound ', 'Wall mountable ']",Optional Speakers,Home Theatre and Sound bars
SA-RS5 Total 180W Additional Wireless Rear Speakers with Built-in Battery,None,None,"['Rs.57,9901']",4.5,18,"['https://www.sony.co.in/image/7e2141db9f0a828de831d98dbdf194a2?fmt=pjpeg&wid=110&bgcolor=FFFFFF&bgc=FFFFFF', 'https://www.sony.co.in/image/80167e125bd61fb7d0c2a06df5af4a50?fmt=pjpeg&wid=64&bgcolor=F1F5F9&bgc=F1F5F9', 'https://www.sony.co.in/image/1218c3a03ef3d76ef0b65653083dced8?fmt=pjpeg&wid=64&bgcolor=F1F5F9&bgc=F1F5F9', 'https://www.sony.co.in/image/3c3bfd2fdf5dfc806ddd2099f686d879?fmt=pjpeg&wid=64&bgcolor=F1F5F9&bgc=F1F5F9', 'https://www.sony.co.in/image/ad23b101c48b44d3bf88ff2a5deedd08?fmt=pjpeg&wid=64&bgcolor=F1F5F9&bgc=F1F5F9', 'https://www.sony.co.in/image/c625a835b1aeca0f5e1e54e28ee810ba?fmt=pjpeg&wid=64&bgcolor=F1F5F9&bgc=F1F5F9']","['Optional wireless rear speakers for your soundbar supporting 360 Spatial Sound Mapping ', '10 hours of battery life and quick charging ', 'Built-in mics for Sound Field Optimisation ', 'Two-way speakers for clear, expansive sound ', 'Wall mountable ']",Optional Speakers,Home Theatre and Sound bars
SA-SW3 200Â W Additional Wireless Subwoofer,None,None,"['Rs.29,9901']",4.5,17,"['https://www.sony.co.in/image/32bb1ebd05f8b79bcbfd53c7b45b967d?fmt=pjpeg&wid=110&bgcolor=FFFFFF&bgc=FFFFFF', 'https://www.sony.co.in/image/8dc17a1b64dacbbd0069820c06c82487?fmt=pjpeg&wid=64&bgcolor=F1F5F9&bgc=F1F5F9', 'https://www.sony.co.in/image/21ba50b5c16fcb5f11e3ecd1e7d6bc5a?fmt=pjpeg&wid=64&bgcolor=F1F5F9&bgc=F1F5F9', 'https://www.sony.co.in/image/e53326ed1a51074e8282cccede2d6231?fmt=pjpeg&wid=64&bgcolor=F1F5F9&bgc=F1F5F9', 'https://www.sony.co.in/image/e18b136cbd56a940fe781f8641d7971e?fmt=pjpeg&wid=64&bgcolor=F1F5F9&bgc=F1F5F9', 'https://www.sony.co.in/image/6e963ded81b34fc6d44189737d14aa74?fmt=pjpeg&wid=64&bgcolor=F1F5F9&bgc=F1F5F9']","['200 W of rich, powerful bass from a 160 mm driver ', 'Bass Reflex speaker unit for deeper bass ', 'Î£ Magnetic Circuit for deep, clear bass with less distortion ', 'Wireless connectivity for easy setup ', 'Premium design matches with our Home Theatre System and soundbar ']",Optional Speakers,Home Theatre and Sound bars
SA-SW5 300 W Additional Wireless Subwoofer,None,None,"['Rs.61,9901']",5,39,"['https://www.sony.co.in/image/73d2cf8736e376610e633da4c1ede954?fmt=pjpeg&wid=110&bgcolor=FFFFFF&bgc=FFFFFF', 'https://www.sony.co.in/image/566a387594ed9a0fe389ceed9f167e5c?fmt=pjpeg&wid=64&bgcolor=F1F5F9&bgc=F1F5F9', 'https://www.sony.co.in/image/29b9c5ce055a774978db3a1a3ee9af68?fmt=pjpeg&wid=64&bgcolor=F1F5F9&bgc=F1F5F9', 'https://www.sony.co.in/image/e94275f8eb3f54f09676cf7b4fd3c0f3?fmt=pjpeg&wid=64&bgcolor=F1F5F9&bgc=F1F5F9', 'https://www.sony.co.in/image/fd7c1d085a34b182e3685281210f2d2f?fmt=pjpeg&wid=64&bgcolor=F1F5F9&bgc=F1F5F9', 'https://www.sony.co.in/image/ce9ec48fe300a35821c4bd9375bf8b46?fmt=pjpeg&wid=64&bgcolor=F1F5F9&bgc=F1F5F9']","['300 W of rich, powerful bass from a 180 mm driver ', 'Passive radiator for stronger bass without wind noise ', 'Î£ Magnetic Circuit for deep, clear bass with less distortion ', 'Wireless connectivity for easy setup ', 'Premium design matches with our Home Theatre System and soundbar ']",Optional Speakers,Home Theatre and Sound bars
SRS-NB10 Wireless Neckband Speaker,None,None,"['Rs.13,9901']",4,14,"['https://www.sony.co.in/image/276c9b775c3c0a0a8697c5f57522419d?fmt=pjpeg&wid=110&bgcolor=FFFFFF&bgc=FFFFFF', 'https://www.sony.co.in/image/54e1bc96cf3e8e5050376e42e0438cde?fmt=pjpeg&wid=64&bgcolor=F1F5F9&bgc=F1F5F9', 'https://www.sony.co.in/image/039a07981aab12f5de829f43832fd272?fmt=pjpeg&wid=64&bgcolor=F1F5F9&bgc=F1F5F9', 'https://www.sony.co.in/image/aa91f4bd2b569d8c54b93884eb48edc3?fmt=pjpeg&wid=64&bgcolor=F1F5F9&bgc=F1F5F9', 'https://www.sony.co.in/image/c4443b63812dff3c7c66c01b86dad574?fmt=pjpeg&wid=64&bgcolor=F1F5F9&bgc=F1F5F9', None]","['Precise Voice Pickup Technology delivers your voice clearly ', 'Full-range speaker unit provides high-quality personal sound ', 'Lightweight and comfortable design for all-day wearing ', 'Up to 20 hours of battery life7, 10-minute Quick Charging for 1 hour of play time ', 'IPX4 splashproof design ']",Neckband Speakers,"['Home Theatre and Sound bars', 'Wireless Speakers']"
SRS-NS7 Wireless Neckband Speaker,None,None,"['Rs.24,9902']",4.5,29,"['https://www.sony.co.in/image/c64b0239f636f36e816f2e61d0cd4c45?fmt=pjpeg&wid=110&bgcolor=FFFFFF&bgc=FFFFFF', None]","['360 Spatial Sound Personalizer creates Dolby Atmos® Cinematic surround sound ', 'Upwards-facing X-balanced speaker unit provides an immersive listening experience without disturbing others ', 'Flexible and ergonomic form-fitting design for all-day wearing ', 'Up to 12 hours of battery life, 10-minute Quick Charging for 1 hour of play time8 ', 'IPX4 splash-proof design12 ']",Neckband Speakers,Wireless Speakers
SRS-NS7 Wireless Neckband Speaker,None,None,"['Rs.24,9902']",4.5,29,"['https://www.sony.co.in/image/c64b0239f636f36e816f2e61d0cd4c45?fmt=pjpeg&wid=110&bgcolor=FFFFFF&bgc=FFFFFF', None]","['360 Spatial Sound Personalizer creates Dolby AtmosÂ® Cinematic surround sound ', 'Upwards-facing X-balanced speaker unit provides an immersive listening experience without disturbing others ', 'Flexible and ergonomic form-fitting design for all-day wearing ', 'Up to 12 hours of battery life, 10-minute Quick Charging for 1 hour of play time8 ', 'IPX4 splash-proof design12 ']",Neckband Speakers,Home Theatre and Sound bars
SRS-XV900 High Power Wireless Speakers,None,None,"['Rs.Rs.99,990']",4,1,"['https://sony.scene7.com/is/image/sonyglobalsolutions/SRS-XV900_hero_desktop?$productIntroPlatedesktop$', 'https://sony.scene7.com/is/image/sonyglobalsolutions/SRS-XV900_hero2_desktop?$productIntroPlatedesktop$', 'https://sony.scene7.com/is/image/sonyglobalsolutions/SRS-XV900_Gallery1_D?$productIntroPlatedesktop$&fmt=png-alpha', 'https://sony.scene7.com/is/image/sonyglobalsolutions/SRS-XV900_Gallery2_D?$productIntroPlatedesktop$&fmt=png-alpha', 'https://sony.scene7.com/is/image/sonyglobalsolutions/SRS-XV900_Gallery3_D?$productIntroPlatedesktop$&fmt=png-alpha', 'https://sony.scene7.com/is/image/sonyglobalsolutions/SRS-XV900_Gallery4_D?$productIntroPlatedesktop$&fmt=png-alpha', 'https://sony.scene7.com/is/image/sonyglobalsolutions/SRS-XV900_Gallery5_D?$productIntroPlatedesktop$&fmt=png-alpha', 'https://sony.scene7.com/is/image/sonyglobalsolutions/SRS-XV900_Gallery6_D?$productIntroPlatedesktop$&fmt=png-alpha', 'https://sony.scene7.com/is/image/sonyglobalsolutions/SRS-XV900_Gallery7_D?$productIntroPlatedesktop$&fmt=png-alpha', 'https://sony.scene7.com/is/image/sonyglobalsolutions/SRS-XV900_Gallery8_D?$productIntroPlatedesktop$&fmt=png-alpha', 'https://sony.scene7.com/is/image/sonyglobalsolutions/SRS-XV900_Gallery9_D?$productIntroPlatedesktop$&fmt=png-alpha', 'https://sony.scene7.com/is/image/sonyglobalsolutions/SRS-XV900_Gallery10_D?$productIntroPlatedesktop$&fmt=png-alpha', 'https://sony.scene7.com/is/image/sonyglobalsolutions/SRS-XV900_Gallery11_D?$productIntroPlatedesktop$&fmt=png-alpha']","[ 'Highest sound pressure in Sony\'s wireless speaker range with 25 hours of battery life.', 'Includes Karaoke and DJ functions with multiple input sockets for microphones or a guitar.', 'Top touch panel lets you control modes, settings, and lighting for the perfect party vibe.', 'Quick charging provides 3 hours of playtime with just 10 minutes of charging.', 'Battery Care function prevents overcharging, extending the speaker\'s lifespan.', 'Ambient light with indirect illumination matches your room\'s style.', 'Convenient carry handle and sturdy castors make it easy to move the speaker anywhere.', 'Sony | Music Center app allows you to control settings, playlists, and Party Connect from your phone.' ]","['Hi-Fi Systems', 'Party Speakers']","['Audio Systems', 'Wireless Speakers']"
ULT POWER SOUND series | ULT FIELD 1 Wireless Portable Speaker,None,None,"['Rs.Rs.16,990']",4.8,34,"['https://sony.scene7.com/is/image/sonyglobalsolutions/Product-Intro-Plate-1-D?$productIntroPlatedesktop$', 'https://sony.scene7.com/is/image/sonyglobalsolutions/Product-Intro-Plate-2-D?$productIntroPlatedesktop$', 'https://sony.scene7.com/is/image/sonyglobalsolutions/Product-Intro_black-1_D?$productIntroPlatedesktop$&fmt=png-alpha', 'https://sony.scene7.com/is/image/sonyglobalsolutions/Product-Intro_black-2_D?$productIntroPlatedesktop$&fmt=png-alpha', 'https://sony.scene7.com/is/image/sonyglobalsolutions/Product-Intro_black-6n_D?$productIntroPlatedesktop$&fmt=png-alpha', 'https://sony.scene7.com/is/image/sonyglobalsolutions/Product-Intro_black-4_D?$productIntroPlatedesktop$&fmt=png-alpha', 'https://sony.scene7.com/is/image/sonyglobalsolutions/Product-Intro_black-3_D?$productIntroPlatedesktop$&fmt=png-alpha', 'https://sony.scene7.com/is/image/sonyglobalsolutions/Product-Intro_white-1_D?$productIntroPlatedesktop$&fmt=png-alpha', 'https://sony.scene7.com/is/image/sonyglobalsolutions/Product-Intro_w-2_D?$productIntroPlatedesktop$&fmt=png-alpha', 'https://sony.scene7.com/is/image/sonyglobalsolutions/Product-Intro_grey-1_D?$productIntroPlatedesktop$&fmt=png-alpha', 'https://sony.scene7.com/is/image/sonyglobalsolutions/Product-Intro_g-2_D?$productIntroPlatedesktop$&fmt=png-alpha', 'https://sony.scene7.com/is/image/sonyglobalsolutions/Product-Intro_orange-1_D?$productIntroPlatedesktop$&fmt=png-alpha', 'https://sony.scene7.com/is/image/sonyglobalsolutions/Product-Intro_o-2_D?$productIntroPlatedesktop$&fmt=png-alpha']","['Loud sound with enhanced bass from a compact body', '\xa0Easy to carry with multi-way strap', 'Water- and dust-proof with IP67 rating', '12 hours of battery life', 'Echo cancelling for clear calling']",Portable,Wireless Speakers
ULT POWER SOUND series | ULT FIELD 7 Wireless Portable Speaker,None,None,"['Rs.Rs.49,990']",4.7,28,"['https://sony.scene7.com/is/image/sonyglobalsolutions/Product-Intro-Plate-01-d-2?$productIntroPlatedesktop$', 'https://sony.scene7.com/is/image/sonyglobalsolutions/Product-Intro-Plate-02-d-2?$productIntroPlatedesktop$', 'https://sony.scene7.com/is/image/sonyglobalsolutions/Product-Intro-Plate-03-d?$productIntroPlatedesktop$&fmt=png-alpha', 'https://sony.scene7.com/is/image/sonyglobalsolutions/Product-Intro-Plate-04-d?$productIntroPlatedesktop$&fmt=png-alpha', 'https://sony.scene7.com/is/image/sonyglobalsolutions/Product-Intro-Plate-05-d?$productIntroPlatedesktop$&fmt=png-alpha', 'https://sony.scene7.com/is/image/sonyglobalsolutions/Product-Intro-Plate-06-d?$productIntroPlatedesktop$&fmt=png-alpha', 'https://sony.scene7.com/is/image/sonyglobalsolutions/Product-Intro-Plate-07-d?$productIntroPlatedesktop$&fmt=png-alpha']","['Boost the music with punchy bass', 'Stylish handle to carry anywhere', 'Water- and dust-proof with IP67 rating', '30-hour battery life and quick charging', 'Karaoke and guitar for more fun', 'Party Connect to enjoy more and louder']","['Hi-Fi Systems', 'Portable']","['Audio Systems', 'Wireless Speakers']"
ULT POWER SOUND series | ULT TOWER 10 Party Speaker,None,None,"['Rs.Rs.109,990']",4.8,9,"['https://sony.scene7.com/is/image/sonyglobalsolutions/d-Product-Intro-Plate-1-24?$productIntroPlatedesktop$', 'https://sony.scene7.com/is/image/sonyglobalsolutions/d-Product-Intro-Plate-2-14?$productIntroPlatedesktop$', 'https://sony.scene7.com/is/image/sonyglobalsolutions/d-Product-Intro-Plate-3-11?$productIntroPlatedesktop$&fmt=png-alpha', 'https://sony.scene7.com/is/image/sonyglobalsolutions/d-Product-Intro-Plate-7-8?$productIntroPlatedesktop$&fmt=png-alpha', 'https://sony.scene7.com/is/image/sonyglobalsolutions/d-Product-Intro-Plate-4-12?$productIntroPlatedesktop$&fmt=png-alpha', 'https://sony.scene7.com/is/image/sonyglobalsolutions/d-Product-Intro-Plate-5-9?$productIntroPlatedesktop$&fmt=png-alpha', 'https://sony.scene7.com/is/image/sonyglobalsolutions/d-Product-Intro-Plate-3-11?$productIntroPlatedesktop$&fmt=png-alpha', 'https://sony.scene7.com/is/image/sonyglobalsolutions/d-Product-Intro-Plate-6-8?$productIntroPlatedesktop$&fmt=png-alpha', 'https://sony.scene7.com/is/image/sonyglobalsolutions/d-Product-Intro-Plate-8-5?$productIntroPlatedesktop$&fmt=png-alpha', 'https://sony.scene7.com/is/image/sonyglobalsolutions/d-Product-Intro-Plate-10-2?$productIntroPlatedesktop$&fmt=png-alpha', 'https://sony.scene7.com/is/image/sonyglobalsolutions/d-Product-Intro-Plate-13-1?$productIntroPlatedesktop$&fmt=png-alpha']","['Powerful sound and 360° Party Light', '360° Party Sound', 'Karaoke and guitar', 'Enriched TV sound', 'Easy to carry', 'Party Connect to enjoy more and louder']","['Hi-Fi Systems', 'Party Speakers']","['Audio Systems', 'Wireless Speakers']"
ULT POWER SOUND series | ULT WEAR Wireless Noise Cancelling Headphones,None,None,"['Rs.Rs.24,990']",4.6,44,"['https://sony.scene7.com/is/image/sonyglobalsolutions/Product-Intro-main-D?$productIntroPlatedesktop$', 'https://sony.scene7.com/is/image/sonyglobalsolutions/PIP_Desktop_XBBN2_01?$productIntroPlatedesktop$', 'https://sony.scene7.com/is/image/sonyglobalsolutions/PIP_Desktop_XBBN2_02?$productIntroPlatedesktop$', 'https://sony.scene7.com/is/image/sonyglobalsolutions/PIP_Desktop_XBBN2_03?$productIntroPlatedesktop$', 'https://sony.scene7.com/is/image/sonyglobalsolutions/PIP_Desktop_XBBN2_04?$productIntroPlatedesktop$', 'https://sony.scene7.com/is/image/sonyglobalsolutions/PIP_Desktop_XBBN2_05?$productIntroPlatedesktop$', 'https://sony.scene7.com/is/image/sonyglobalsolutions/Product-Intro-Black_standard_D?$productIntroPlatedesktop$&fmt=png-alpha', 'https://sony.scene7.com/is/image/sonyglobalsolutions/Product-Intro-Black_front_D?$productIntroPlatedesktop$&fmt=png-alpha', 'https://sony.scene7.com/is/image/sonyglobalsolutions/Product-Intro-Black_side_D?$productIntroPlatedesktop$&fmt=png-alpha', 'https://sony.scene7.com/is/image/sonyglobalsolutions/Product-Intro-Black_button_D?$productIntroPlatedesktop$&fmt=png-alpha', 'https://sony.scene7.com/is/image/sonyglobalsolutions/Product-Intro-Black_fordable_D?$productIntroPlatedesktop$&fmt=png-alpha', 'https://sony.scene7.com/is/image/sonyglobalsolutions/Product-Intro-Black_swivel_D?$productIntroPlatedesktop$&fmt=png-alpha', 'https://sony.scene7.com/is/image/sonyglobalsolutions/Product-Intro-white_standard_D?$productIntroPlatedesktop$&fmt=png-alpha', 'https://sony.scene7.com/is/image/sonyglobalsolutions/Product-Intro-white_front_D?$productIntroPlatedesktop$&fmt=png-alpha', 'https://sony.scene7.com/is/image/sonyglobalsolutions/Product-Intro-white_side_D?$productIntroPlatedesktop$&fmt=png-alpha', 'https://sony.scene7.com/is/image/sonyglobalsolutions/Product-Intro-white_button_D?$productIntroPlatedesktop$&fmt=png-alpha', 'https://sony.scene7.com/is/image/sonyglobalsolutions/Product-Intro-forestgrey_standard_D?$productIntroPlatedesktop$&fmt=png-alpha', 'https://sony.scene7.com/is/image/sonyglobalsolutions/Product-Intro-forestgrey_front_D?$productIntroPlatedesktop$&fmt=png-alpha', 'https://sony.scene7.com/is/image/sonyglobalsolutions/Product-Intro-forestgrey_side_D?$productIntroPlatedesktop$&fmt=png-alpha', 'https://sony.scene7.com/is/image/sonyglobalsolutions/Product-Intro-forestgrey_button_D?$productIntroPlatedesktop$&fmt=png-alpha', 'https://sony.scene7.com/is/image/sonyglobalsolutions/Product-Intro-Acc1_D?$productIntroPlatedesktop$&fmt=png-alpha', 'https://sony.scene7.com/is/image/sonyglobalsolutions/Product-Intro-Acc2_D?$productIntroPlatedesktop$&fmt=png-alpha']","['Exceptional bass for powerful sound', 'Digital Noise Cancelling and Ambient Sound Mode let you control what you hear', 'DSEE™ restores high-frequency sound lost in compression', 'Fine-tune your sound using the Sony | Headphones Connect app', 'All-day\xa0comfort, and up to 30 hours of battery life']","['Headband', 'Noise Cancelling', 'Wireless']",Headphones
UX570 Digital Voice Recorder UX Series,None,None,"['Rs.8,4901']",4.5,13,"['https://www.sony.co.in/image/f0cea6b5d1306290ff14d2bace4d6cd3?fmt=pjpeg&wid=110&bgcolor=FFFFFF&bgc=FFFFFF', 'https://www.sony.co.in/image/4ddee4020d95f2caec679be9559a3fb8?fmt=pjpeg&wid=64&bgcolor=F1F5F9&bgc=F1F5F9', 'https://www.sony.co.in/image/b82513e60cf29d51341edc5ea679ee02?fmt=pjpeg&wid=64&bgcolor=F1F5F9&bgc=F1F5F9', 'https://www.sony.co.in/image/2f4be140b57e46686b9d36c1a0b0ba83?fmt=pjpeg&wid=64&bgcolor=F1F5F9&bgc=F1F5F9', 'https://www.sony.co.in/image/12764ed4ddbf13e7fff651b3fde64988?fmt=pjpeg&wid=64&bgcolor=F1F5F9&bgc=F1F5F9', 'https://www.sony.co.in/image/c599d41045c863463d69dd2cea2bbea3?fmt=pjpeg&wid=64&bgcolor=F1F5F9&bgc=F1F5F9', 'https://www.sony.co.in/image/686796bc394f84bf7d386dbfaa1c27d8?fmt=pjpeg&wid=64&bgcolor=F1F5F9&bgc=F1F5F9']","['Record in MP3/LPCM with a high-sensitivity S-Microphone ', 'Up to 4 GB of built-in storage, expandable via microSD (SDHC/SDXC) cards ', 'Auto Voice Recording reduces background noise ', 'Direct USB built-in for easy connection to PC ', 'Built-in lithium battery with 3-minute quick charge for 1 hour of recording ']",Voice Memo Recorders,Digital Voice Recorders
WF-1000XM5,None,None,"['Rs.Rs.29,990']",4,414,"['https://sony.scene7.com/is/image/sonyglobalsolutions/WFM5_Product-Intro-Plate-D-1?$productIntroPlatedesktop$', 'https://sony.scene7.com/is/image/sonyglobalsolutions/01_D?$productIntroPlatedesktop$&fmt=png-alpha', 'https://sony.scene7.com/is/image/sonyglobalsolutions/02_D?$productIntroPlatedesktop$&fmt=png-alpha', 'https://sony.scene7.com/is/image/sonyglobalsolutions/03_D?$productIntroPlatedesktop$&fmt=png-alpha', 'https://sony.scene7.com/is/image/sonyglobalsolutions/04_D?$productIntroPlatedesktop$&fmt=png-alpha', 'https://sony.scene7.com/is/image/sonyglobalsolutions/05_D?$productIntroPlatedesktop$&fmt=png-alpha', 'https://sony.scene7.com/is/image/sonyglobalsolutions/d-Product-Intro-Plate-1-16?$productIntroPlatedesktop$', 'https://sony.scene7.com/is/image/sonyglobalsolutions/1_D?$productIntroPlatedesktop$&fmt=png-alpha', 'https://sony.scene7.com/is/image/sonyglobalsolutions/2_D?$productIntroPlatedesktop$&fmt=png-alpha', 'https://sony.scene7.com/is/image/sonyglobalsolutions/3_D?$productIntroPlatedesktop$&fmt=png-alpha', 'https://sony.scene7.com/is/image/sonyglobalsolutions/4_D?$productIntroPlatedesktop$&fmt=png-alpha', 'https://sony.scene7.com/is/image/sonyglobalsolutions/5_D?$productIntroPlatedesktop$&fmt=png-alpha', 'https://sony.scene7.com/is/image/sonyglobalsolutions/6_D?$productIntroPlatedesktop$&fmt=png-alpha', 'https://sony.scene7.com/is/image/sonyglobalsolutions/7_D?$productIntroPlatedesktop$&fmt=png-alpha', 'https://sony.scene7.com/is/image/sonyglobalsolutions/8_D?$productIntroPlatedesktop$&fmt=png-alpha', 'https://sony.scene7.com/is/image/sonyglobalsolutions/9_D?$productIntroPlatedesktop$&fmt=png-alpha', 'https://sony.scene7.com/is/image/sonyglobalsolutions/10_D?$productIntroPlatedesktop$&fmt=png-alpha']","['The best noise cancelling1 with two high-performance processors and dual feedback microphones', 'Stunning sound quality with specially designed driver unit', 'Superior noise-free calls with bone conduction sensor and noise reduction system (using AI)', 'Premium, ergonomic design for stable, comfortable fit', 'Water resistance and long battery life for everyday use']",Truly Wireless,Headphones
WF-1000XM5 Wireless Noise Cancelling Headphones,None,None,"['Rs.Rs.29,990']",4,418,"['https://sony.scene7.com/is/image/sonyglobalsolutions/WFM5_Product-Intro-Plate-D-1?$productIntroPlatedesktop$', 'https://sony.scene7.com/is/image/sonyglobalsolutions/01_D?$productIntroPlatedesktop$&fmt=png-alpha', 'https://sony.scene7.com/is/image/sonyglobalsolutions/02_D?$productIntroPlatedesktop$&fmt=png-alpha', 'https://sony.scene7.com/is/image/sonyglobalsolutions/03_D?$productIntroPlatedesktop$&fmt=png-alpha', 'https://sony.scene7.com/is/image/sonyglobalsolutions/04_D?$productIntroPlatedesktop$&fmt=png-alpha', 'https://sony.scene7.com/is/image/sonyglobalsolutions/05_D?$productIntroPlatedesktop$&fmt=png-alpha', 'https://sony.scene7.com/is/image/sonyglobalsolutions/d-Product-Intro-Plate-1-16?$productIntroPlatedesktop$', 'https://sony.scene7.com/is/image/sonyglobalsolutions/1_D?$productIntroPlatedesktop$&fmt=png-alpha', 'https://sony.scene7.com/is/image/sonyglobalsolutions/2_D?$productIntroPlatedesktop$&fmt=png-alpha', 'https://sony.scene7.com/is/image/sonyglobalsolutions/3_D?$productIntroPlatedesktop$&fmt=png-alpha', 'https://sony.scene7.com/is/image/sonyglobalsolutions/4_D?$productIntroPlatedesktop$&fmt=png-alpha', 'https://sony.scene7.com/is/image/sonyglobalsolutions/5_D?$productIntroPlatedesktop$&fmt=png-alpha', 'https://sony.scene7.com/is/image/sonyglobalsolutions/6_D?$productIntroPlatedesktop$&fmt=png-alpha', 'https://sony.scene7.com/is/image/sonyglobalsolutions/7_D?$productIntroPlatedesktop$&fmt=png-alpha', 'https://sony.scene7.com/is/image/sonyglobalsolutions/8_D?$productIntroPlatedesktop$&fmt=png-alpha', 'https://sony.scene7.com/is/image/sonyglobalsolutions/9_D?$productIntroPlatedesktop$&fmt=png-alpha', 'https://sony.scene7.com/is/image/sonyglobalsolutions/10_D?$productIntroPlatedesktop$&fmt=png-alpha']","['The best noise cancelling1 with two high-performance processors and dual feedback microphones', 'Stunning sound quality with specially designed driver unit', 'Superior noise-free calls with bone conduction sensor and noise reduction system (using AI)', 'Premium, ergonomic design for stable, comfortable fit', 'Water resistance and long battery life for everyday use']","['Noise Cancelling', 'Wireless', 'Water Resistant']",Headphones
WF-C500 Truly Wireless Headphones,None,None,"['Rs.8,9901']",4,457,"['https://www.sony.co.in/image/6ff70f66ce935f02861635b3e936a70c?fmt=pjpeg&wid=110&bgcolor=FFFFFF&bgc=FFFFFF', 'https://www.sony.co.in/image/e3beeee2eeeb7580a61adcab32538851?fmt=pjpeg&wid=64&bgcolor=F1F5F9&bgc=F1F5F9', 'https://www.sony.co.in/image/5cbc1b3260728da7eeafe044ed7f1248?fmt=pjpeg&wid=64&bgcolor=F1F5F9&bgc=F1F5F9', 'https://www.sony.co.in/image/da78c599880a10c0989109d765b99b96?fmt=pjpeg&wid=64&bgcolor=F1F5F9&bgc=F1F5F9', 'https://www.sony.co.in/image/ab676f3dda4abb8bbef9077ea001d5de?fmt=pjpeg&wid=64&bgcolor=F1F5F9&bgc=F1F5F9', 'https://www.sony.co.in/image/9819425ccbaa8948ccaaba601f14b21f?fmt=pjpeg&wid=64&bgcolor=F1F5F9&bgc=F1F5F9', 'https://www.sony.co.in/image/3bf117c2ca4768c53aaeadd7773015eb?fmt=pjpeg&wid=64&bgcolor=F1F5F9&bgc=F1F5F9', 'https://www.sony.co.in/image/9b18b5f8ac4fdbfd48902513fb37b7da?fmt=pjpeg&wid=64&bgcolor=F1F5F9&bgc=F1F5F9', 'https://www.sony.co.in/image/88627367b3e324feea1692f31183268f?fmt=pjpeg&wid=64&bgcolor=F1F5F9&bgc=F1F5F9', 'https://www.sony.co.in/image/cbca09d677ee764befdd130dbdb9dc90?fmt=pjpeg&wid=64&bgcolor=F1F5F9&bgc=F1F5F9', 'https://www.sony.co.in/image/ebbcce2b4fb3407b01ea1b0af3418c24?fmt=pjpeg&wid=64&bgcolor=F1F5F9&bgc=F1F5F9', 'https://www.sony.co.in/image/14554686b10598c9c9aa9e281e945c88?fmt=pjpeg&wid=64&bgcolor=F1F5F9&bgc=F1F5F9', 'https://www.sony.co.in/image/9d0cf63ef15f7209fcd13f9d71222859?fmt=pjpeg&wid=64&bgcolor=F1F5F9&bgc=F1F5F9', 'https://www.sony.co.in/image/b9ba2a905843bfd0ba37a144f5359e13?fmt=pjpeg&wid=64&bgcolor=F1F5F9&bgc=F1F5F9', 'https://www.sony.co.in/image/3ad66dcd748a03da7b62b2e82bb31f43?fmt=pjpeg&wid=64&bgcolor=F1F5F9&bgc=F1F5F9']","['DSEE™ restores high-frequency sound and fine fade-out sound lost in compression ', 'Fine-tune your sound using the Sony | Headphones Connect app ', '10-hr-long battery life, total 20 hr with charging case5 ', 'Splash-proof and sweat-proof with an IPX4 rating ', 'Optional use of one earbud only ']",Water Resistant,Headphones
WF-C510,None,None,"['Rs.Rs.8,990']",4.7,50,"['https://sony.scene7.com/is/image/sonyglobalsolutions/Product-Intro-1-D-9?$productIntroPlatedesktop$&fmt=png-alpha', 'https://sony.scene7.com/is/image/sonyglobalsolutions/Product-Intro-2-D-5?$productIntroPlatedesktop$&fmt=png-alpha', 'https://sony.scene7.com/is/image/sonyglobalsolutions/Product-Intro-3-D-4?$productIntroPlatedesktop$&fmt=png-alpha', 'https://sony.scene7.com/is/image/sonyglobalsolutions/Product-Intro-4-D-4?$productIntroPlatedesktop$&fmt=png-alpha', 'https://sony.scene7.com/is/image/sonyglobalsolutions/Product-Intro-5-D-3?$productIntroPlatedesktop$&fmt=png-alpha', 'https://sony.scene7.com/is/image/sonyglobalsolutions/Product-Intro-6-D-3?$productIntroPlatedesktop$&fmt=png-alpha', 'https://sony.scene7.com/is/image/sonyglobalsolutions/Product-Intro-7-D-2?$productIntroPlatedesktop$&fmt=png-alpha', 'https://sony.scene7.com/is/image/sonyglobalsolutions/Product-Intro-8-D-1?$productIntroPlatedesktop$&fmt=png-alpha', 'https://sony.scene7.com/is/image/sonyglobalsolutions/Product-Intro-9-D-1?$productIntroPlatedesktop$&fmt=png-alpha', 'https://sony.scene7.com/is/image/sonyglobalsolutions/Product-Intro-10-D-1?$productIntroPlatedesktop$&fmt=png-alpha', 'https://sony.scene7.com/is/image/sonyglobalsolutions/Product-Intro-11-D-1?$productIntroPlatedesktop$&fmt=png-alpha', 'https://sony.scene7.com/is/image/sonyglobalsolutions/Product-Intro-12-D-1?$productIntroPlatedesktop$&fmt=png-alpha', 'https://sony.scene7.com/is/image/sonyglobalsolutions/Product-Intro-13-D-1?$productIntroPlatedesktop$&fmt=png-alpha', 'https://sony.scene7.com/is/image/sonyglobalsolutions/Product-Intro-14-D-1?$productIntroPlatedesktop$&fmt=png-alpha', 'https://sony.scene7.com/is/image/sonyglobalsolutions/Product-Intro-15-D-1?$productIntroPlatedesktop$&fmt=png-alpha', 'https://sony.scene7.com/is/image/sonyglobalsolutions/Product-Intro-16-D-1?$productIntroPlatedesktop$&fmt=png-alpha']","['Compact and lightweight for comfort all day long', '11 hours of battery life, with another 11 hours in the charging case', 'Multipoint Connection lets you pair to two Bluetooth® devices simultaneously', 'Stay present with Ambient Sound Mode', 'Great sound quality and a range of customisable EQ presets']",Truly Wireless,Headphones
WF-C510 Truly Wireless Headphones,None,None,"['Rs.Rs.8,990']",4.6,51,"['https://sony.scene7.com/is/image/sonyglobalsolutions/Product-Intro-1-D-9?$productIntroPlatedesktop$&fmt=png-alpha', 'https://sony.scene7.com/is/image/sonyglobalsolutions/Product-Intro-2-D-5?$productIntroPlatedesktop$&fmt=png-alpha', 'https://sony.scene7.com/is/image/sonyglobalsolutions/Product-Intro-3-D-4?$productIntroPlatedesktop$&fmt=png-alpha', 'https://sony.scene7.com/is/image/sonyglobalsolutions/Product-Intro-4-D-4?$productIntroPlatedesktop$&fmt=png-alpha', 'https://sony.scene7.com/is/image/sonyglobalsolutions/Product-Intro-5-D-3?$productIntroPlatedesktop$&fmt=png-alpha', 'https://sony.scene7.com/is/image/sonyglobalsolutions/Product-Intro-6-D-3?$productIntroPlatedesktop$&fmt=png-alpha', 'https://sony.scene7.com/is/image/sonyglobalsolutions/Product-Intro-7-D-2?$productIntroPlatedesktop$&fmt=png-alpha', 'https://sony.scene7.com/is/image/sonyglobalsolutions/Product-Intro-8-D-1?$productIntroPlatedesktop$&fmt=png-alpha', 'https://sony.scene7.com/is/image/sonyglobalsolutions/Product-Intro-9-D-1?$productIntroPlatedesktop$&fmt=png-alpha', 'https://sony.scene7.com/is/image/sonyglobalsolutions/Product-Intro-10-D-1?$productIntroPlatedesktop$&fmt=png-alpha', 'https://sony.scene7.com/is/image/sonyglobalsolutions/Product-Intro-11-D-1?$productIntroPlatedesktop$&fmt=png-alpha', 'https://sony.scene7.com/is/image/sonyglobalsolutions/Product-Intro-12-D-1?$productIntroPlatedesktop$&fmt=png-alpha', 'https://sony.scene7.com/is/image/sonyglobalsolutions/Product-Intro-13-D-1?$productIntroPlatedesktop$&fmt=png-alpha', 'https://sony.scene7.com/is/image/sonyglobalsolutions/Product-Intro-14-D-1?$productIntroPlatedesktop$&fmt=png-alpha', 'https://sony.scene7.com/is/image/sonyglobalsolutions/Product-Intro-15-D-1?$productIntroPlatedesktop$&fmt=png-alpha', 'https://sony.scene7.com/is/image/sonyglobalsolutions/Product-Intro-16-D-1?$productIntroPlatedesktop$&fmt=png-alpha']","['Compact and lightweight for comfort all day long', '11 hours of battery life, with another 11 hours in the charging case', 'Multipoint Connection lets you pair to two Bluetooth® devices simultaneously', 'Stay present with Ambient Sound Mode', 'Great sound quality and a range of customisable EQ presets']","['Wireless', 'Water Resistant']",Headphones
WF-C700N,None,None,"['Rs.Rs.12,990']",4.1,199,"['https://sony.scene7.com/is/image/sonyglobalsolutions/WF-C700N_Product-Intro_1_D?$productIntroPlatedesktop$&fmt=png-alpha', 'https://sony.scene7.com/is/image/sonyglobalsolutions/WF-C700N_Product-Intro_2_D?$productIntroPlatedesktop$&fmt=png-alpha', 'https://sony.scene7.com/is/image/sonyglobalsolutions/WF-C700N_Product-Intro_3_D?$productIntroPlatedesktop$&fmt=png-alpha', 'https://sony.scene7.com/is/image/sonyglobalsolutions/WF-C700N_Product-Intro_4_D?$productIntroPlatedesktop$&fmt=png-alpha', 'https://sony.scene7.com/is/image/sonyglobalsolutions/WF-C700N_Product-Intro_5_D?$productIntroPlatedesktop$&fmt=png-alpha', 'https://sony.scene7.com/is/image/sonyglobalsolutions/WF-C700N_Product-Intro_21_D?$productIntroPlatedesktop$&fmt=png-alpha']","['Digital noise cancelling and Ambient Sound Mode let you control what you hear', 'Compact and lightweight for a comfortable fit', 'DSEE™ restores high-frequency sound lost in compression', 'Fine-tune your sound using the \nSony | Headphones Connect app', 'Clear hands-free calls with wind noise reduction structure.']",Truly Wireless,Headphones
WF-C700N Wireless Noise Cancelling Headphones,None,None,"['Rs.Rs.12,990']",4.1,199,"['https://sony.scene7.com/is/image/sonyglobalsolutions/WF-C700N_Product-Intro_1_D?$productIntroPlatedesktop$&fmt=png-alpha', 'https://sony.scene7.com/is/image/sonyglobalsolutions/WF-C700N_Product-Intro_2_D?$productIntroPlatedesktop$&fmt=png-alpha', 'https://sony.scene7.com/is/image/sonyglobalsolutions/WF-C700N_Product-Intro_3_D?$productIntroPlatedesktop$&fmt=png-alpha', 'https://sony.scene7.com/is/image/sonyglobalsolutions/WF-C700N_Product-Intro_4_D?$productIntroPlatedesktop$&fmt=png-alpha', 'https://sony.scene7.com/is/image/sonyglobalsolutions/WF-C700N_Product-Intro_5_D?$productIntroPlatedesktop$&fmt=png-alpha', 'https://sony.scene7.com/is/image/sonyglobalsolutions/WF-C700N_Product-Intro_21_D?$productIntroPlatedesktop$&fmt=png-alpha']","['Digital noise cancelling and Ambient Sound Mode let you control what you hear', 'Compact and lightweight for a comfortable fit', 'DSEE™ restores high-frequency sound lost in compression', 'Fine-tune your sound using the \nSony | Headphones Connect app', 'Clear hands-free calls with wind noise reduction structure.']","['Noise Cancelling', 'Water Resistant']",Headphones
WH-1000XM4 Wireless Noise Cancelling Headphones,None,None,"['Rs.29,9901']",4.5,1967,['https://www.sony.co.in/image/5d02da5df552836db894cead8a68f5f3?fmt=pjpeg&wid=110&bgcolor=FFFFFF&bgc=FFFFFF'],"['HD Noise-Cancelling Processor QN1, Bluetooth Audio SoC and a dual noise sensor let you listen without distractions ', 'Personal noise-cancelling optimiser and atmospheric pressure optimising ', 'High-quality audio with DSEE Extreme™ and LDAC ', 'Adaptive Sound Control automatically adjusts ambient sound settings to suit your location and behaviour ', 'Wireless freedom with BLUETOOTH® technology ']",Noise Cancelling,Headphones
WH-1000XM4 Wireless Noise Cancelling Headphones,None,None,"['Rs.29,9901']",4.5,1967,"['https://www.sony.co.in/image/c837e2d6c39f74d4dd2338ada3dac203?fmt=png-alpha&wid=676&hei=400', 'https://www.sony.co.in/image/cee14c179dfe1451ff9fc70f69ed9bef?fmt=png-alpha&wid=676&hei=400', 'https://www.sony.co.in/image/4c008966864e140d66a5f27d2e946de4?fmt=png-alpha&wid=676&hei=400', None, None, None]","['HD Noise-Cancelling Processor QN1, Bluetooth Audio SoC and a dual noise sensor let you listen without distractions ', 'Personal noise-cancelling optimiser and atmospheric pressure optimising ', 'High-quality audio with DSEE Extreme™ and LDAC ', 'Adaptive Sound Control automatically adjusts ambient sound settings to suit your location and behaviour ', 'Wireless freedom with BLUETOOTH® technology ']",Headband,Headphones
WH-1000XM5 Wireless Noise Cancelling Headphones,None,None,"['Rs.34,9902']",4.5,823,"['https://www.sony.co.in/image/4e4154f981a0c362a20d5a3eaea6605e?fmt=png-alpha&wid=676&hei=400', 'https://www.sony.co.in/image/76cc571af39ddbe23d060c00ac7d7a8b?fmt=png-alpha&wid=676&hei=400', 'https://www.sony.co.in/image/cb6bff7884c779ebd2c5a3f1f297daec?fmt=png-alpha&wid=676&hei=400', None, None, None, None, None, None, None]","['HD Noise Cancelling Processor QN1, Integrated Processor V1 and multiple microphones for distraction-free listening ', 'Fully automatic Personal Noise Cancelling Optimiser and Atmospheric Pressure Optimising ', '30-mm specially designed driver unit for exceptional sound ', 'Superior noise-free calls with 2 x 2 beamforming microphones and noise reduction system (using AI) ', 'Super comfortable lightweight design in ""Soft fit leather"" ']",Headband,Headphones
WH-1000XM5 Wireless Noise Cancelling Headphones,None,None,"['Rs.34,9902']",4.5,823,['https://www.sony.co.in/image/6145c1d32e6ac8e63a46c912dc33c5bb?fmt=pjpeg&wid=110&bgcolor=FFFFFF&bgc=FFFFFF'],"['HD Noise Cancelling Processor QN1, Integrated Processor V1 and multiple microphones for distraction-free listening ', 'Fully automatic Personal Noise Cancelling Optimiser and Atmospheric Pressure Optimising ', '30-mm specially designed driver unit for exceptional sound ', 'Superior noise-free calls with 2 x 2 beamforming microphones and noise reduction system (using AI) ', 'Super comfortable lightweight design in ""Soft fit leather"" ']","['Noise Cancelling', 'Wireless']",Headphones
WH-CH720N Wireless Noise Cancelling Headphones,None,None,"['Rs.Rs.14,990']",4.5,507,"['https://sony.scene7.com/is/image/sonyglobalsolutions/wh-ch720_black01_D?$productIntroPlatedesktop$&fmt=png-alpha', 'https://sony.scene7.com/is/image/sonyglobalsolutions/wh-ch720_black02_D?$productIntroPlatedesktop$&fmt=png-alpha', 'https://sony.scene7.com/is/image/sonyglobalsolutions/wh-ch720_black03_D?$productIntroPlatedesktop$&fmt=png-alpha', 'https://sony.scene7.com/is/image/sonyglobalsolutions/wh-ch720_black04_D?$productIntroPlatedesktop$&fmt=png-alpha', 'https://sony.scene7.com/is/image/sonyglobalsolutions/wh-ch720_black05_D?$productIntroPlatedesktop$&fmt=png-alpha', 'https://sony.scene7.com/is/image/sonyglobalsolutions/wh-ch720_black06_D?$productIntroPlatedesktop$&fmt=png-alpha', 'https://sony.scene7.com/is/image/sonyglobalsolutions/wh-ch720_black07_D?$productIntroPlatedesktop$&fmt=png-alpha', 'https://sony.scene7.com/is/image/sonyglobalsolutions/wh-ch720_blue01_D?$productIntroPlatedesktop$&fmt=png-alpha', 'https://sony.scene7.com/is/image/sonyglobalsolutions/wh-ch720_blue02_D?$productIntroPlatedesktop$&fmt=png-alpha', 'https://sony.scene7.com/is/image/sonyglobalsolutions/wh-ch720_blue03_D?$productIntroPlatedesktop$&fmt=png-alpha', 'https://sony.scene7.com/is/image/sonyglobalsolutions/wh-ch720_blue04_D?$productIntroPlatedesktop$&fmt=png-alpha', 'https://sony.scene7.com/is/image/sonyglobalsolutions/wh-ch720_blue05_D?$productIntroPlatedesktop$&fmt=png-alpha', 'https://sony.scene7.com/is/image/sonyglobalsolutions/wh-ch720_blue06_D?$productIntroPlatedesktop$&fmt=png-alpha', 'https://sony.scene7.com/is/image/sonyglobalsolutions/wh-ch720_white01_D?$productIntroPlatedesktop$&fmt=png-alpha', 'https://sony.scene7.com/is/image/sonyglobalsolutions/wh-ch720_white02_D?$productIntroPlatedesktop$&fmt=png-alpha', 'https://sony.scene7.com/is/image/sonyglobalsolutions/wh-ch720_white03_D?$productIntroPlatedesktop$&fmt=png-alpha', 'https://sony.scene7.com/is/image/sonyglobalsolutions/wh-ch720_white04_D?$productIntroPlatedesktop$&fmt=png-alpha', 'https://sony.scene7.com/is/image/sonyglobalsolutions/wh-ch720_white05_D?$productIntroPlatedesktop$&fmt=png-alpha', 'https://sony.scene7.com/is/image/sonyglobalsolutions/wh-ch720_white06_D?$productIntroPlatedesktop$&fmt=png-alpha']","['Noise Cancelling with Dual Noise Sensor technology and the Integrated Processor V1.', 'Super-comfortable lightweight design.', 'All-day listening with up to 35 hours of battery life.', 'DSEE™ restores high-frequency sound and fine fade-out sound lost in compression.', 'Easy and clear hands-free calling and voice assistant with wake word.']","['Headband', 'Noise Cancelling']",Headphones
WI-C100 Wireless In-ear Headphones,None,None,"['Rs.2,7901']",4.5,80,"['https://www.sony.co.in/image/4e59487a5c5175284a49830878185789?fmt=pjpeg&wid=110&bgcolor=FFFFFF&bgc=FFFFFF', 'https://www.sony.co.in/image/342e7c28dc1fb69d0d8625bc98be7236?fmt=pjpeg&wid=64&bgcolor=F1F5F9&bgc=F1F5F9', 'https://www.sony.co.in/image/8baa51321847228daa201ffc21b40a0d?fmt=pjpeg&wid=64&bgcolor=F1F5F9&bgc=F1F5F9', 'https://www.sony.co.in/image/6f599d73dadce7d14956ee6ad79fa56b?fmt=pjpeg&wid=64&bgcolor=F1F5F9&bgc=F1F5F9', 'https://www.sony.co.in/image/2ef6a97354fc1772d14367d1802879b3?fmt=pjpeg&wid=64&bgcolor=F1F5F9&bgc=F1F5F9', 'https://www.sony.co.in/image/9530e535e980c257f15aa1b8c4f13b55?fmt=pjpeg&wid=64&bgcolor=F1F5F9&bgc=F1F5F9', 'https://www.sony.co.in/image/c2741ec3a94c0870832d6d2075572cab?fmt=pjpeg&wid=64&bgcolor=F1F5F9&bgc=F1F5F9', 'https://www.sony.co.in/image/f9ac02c6d8135bfeebf2ff8a0d2d0d6f?fmt=pjpeg&wid=64&bgcolor=F1F5F9&bgc=F1F5F9', 'https://www.sony.co.in/image/1b3ce58d5a17a8f2a23db00c6180753c?fmt=pjpeg&wid=64&bgcolor=F1F5F9&bgc=F1F5F9', 'https://www.sony.co.in/image/2644c363e5c3b666705e5b78763a34c9?fmt=pjpeg&wid=64&bgcolor=F1F5F9&bgc=F1F5F9', 'https://www.sony.co.in/image/818da505ad7a40db75482e6d48d2c874?fmt=pjpeg&wid=64&bgcolor=F1F5F9&bgc=F1F5F9', 'https://www.sony.co.in/image/d488b23eb275b299821d28dbf3ec944c?fmt=pjpeg&wid=64&bgcolor=F1F5F9&bgc=F1F5F9']","['Up to 25 hours of battery life ', ""DSEE™ restores frequencies lost in compression to produce high-quality sound that's closer to the original recording "", 'Fine-tune your sound using the Sony | Headphones Connect app ', 'Splash-proof and sweat-proof with an IPX4 rating ', 'Easy hands-free calling and voice assistant ']",In-Ear,Headphones
WS620 WalkmanÂ® WS Series,None,None,"['Rs.12,9901']",4,45,"['https://www.sony.co.in/image/6cd79f793d558aecaf269b0210260d44?fmt=pjpeg&wid=110&bgcolor=FFFFFF&bgc=FFFFFF', 'https://www.sony.co.in/image/d65b3d97667dac8f11eee31a02cc06f4?fmt=pjpeg&wid=64&bgcolor=F1F5F9&bgc=F1F5F9', 'https://www.sony.co.in/image/3697f3469585518d296a630fbe7a512b?fmt=pjpeg&wid=64&bgcolor=F1F5F9&bgc=F1F5F9', 'https://www.sony.co.in/image/d31dd8aa1cda146349eda706a575f09e?fmt=pjpeg&wid=64&bgcolor=F1F5F9&bgc=F1F5F9']","['Waterproof (salt water) for worry-free use910 ', 'Works in temperatures from -5Â°C to 45Â°C ', 'Easy Bluetooth connectivity with NFC One-touch ', 'Ambient Sound mode ', '3 minute quick charge for 60 minutes playback11 ']",Compact,Walkman
WalkmanÂ® digital music player,None,None,"['Rs.5,9801']",4,308,"['https://www.sony.co.in/image/83e0055176f25d1e909348b8c4ccc6e1?fmt=pjpeg&wid=110&bgcolor=FFFFFF&bgc=FFFFFF', 'https://www.sony.co.in/image/5323a023647573f1b60b524971abb355?fmt=pjpeg&wid=64&bgcolor=F1F5F9&bgc=F1F5F9', 'https://www.sony.co.in/image/586cf310e117aaefe373cbcd75848cc9?fmt=pjpeg&wid=64&bgcolor=F1F5F9&bgc=F1F5F9']","['Great-sounding music in one step with ClearAudio+ ', 'Easy drag and drop file transfer on PC and Mac ', 'Plays PCM, AAC, WMA and MP3 files ', 'Up to 35 hours of battery life ']",Compact,Walkman
XB100 Portable Wireless Speaker,None,None,"['Rs.Rs.5,990']",4.8,137,"['https://sony.scene7.com/is/image/sonyglobalsolutions/d-Product-image-00?$productIntroPlatedesktop$&fmt=png-alpha', 'https://sony.scene7.com/is/image/sonyglobalsolutions/d-Product-image-1?$productIntroPlatedesktop$&fmt=png-alpha', 'https://sony.scene7.com/is/image/sonyglobalsolutions/d-Product-image-2?$productIntroPlatedesktop$&fmt=png-alpha', 'https://sony.scene7.com/is/image/sonyglobalsolutions/d-Product-image-3?$productIntroPlatedesktop$&fmt=png-alpha', 'https://sony.scene7.com/is/image/sonyglobalsolutions/d-Product-image-4?$productIntroPlatedesktop$&fmt=png-alpha', 'https://sony.scene7.com/is/image/sonyglobalsolutions/d-Product-image-5?$productIntroPlatedesktop$&fmt=png-alpha', 'https://sony.scene7.com/is/image/sonyglobalsolutions/d-Product-image-6?$productIntroPlatedesktop$&fmt=png-alpha', 'https://sony.scene7.com/is/image/sonyglobalsolutions/d-Product-image-7?$productIntroPlatedesktop$&fmt=png-alpha']","['Powerful and clear sound', 'Easily portable and highly durable design', 'Firm focus on sustainability and materials', '16-hr battery life for longer listening', 'Hands-free calling with built-in mic']",Portable,Wireless Speakers
XG300 X-Series Portable Wireless Speaker,None,None,"['Rs.33,9901']",4.5,95,['https://www.sony.co.in/image/990c23317d5559ba35b67e564c12a5b3?fmt=pjpeg&wid=110&bgcolor=FFFFFF&bgc=FFFFFF'],"['IP67 water resistant and rustproof ', '25 hours of battery life and Quick Charging ', 'Retractable handle ', 'Powerful Party Sound ', 'X-Balanced Speaker Unit ']",Hi-Fi Systems,Audio Systems
XG500 X-Series Portable Wireless Speaker,None,None,"['Rs.39,9901']",5,23,['https://www.sony.co.in/image/adecf74f94dc7b468737b87ee3b68037?fmt=pjpeg&wid=110&bgcolor=FFFFFF&bgc=FFFFFF'],"['IP66 Water resistant7 and Dustproof 3 ', '30 hours4 of battery life and quick charging ', 'Handle for comfortable portability ', 'Powerful Party Sound ', 'X-Balanced Speaker Unit ']",Hi-Fi Systems,Audio Systems
XP500 X-Series Portable Wireless Speaker,None,None,"['Rs.35,9901']",5,35,['https://www.sony.co.in/image/e6c64548ff9844b62832b1816a1aa3a4?fmt=pjpeg&wid=110&bgcolor=FFFFFF&bgc=FFFFFF'],"['Powerful Party Sound ', 'X-Balanced Speaker Unit ', 'Ambient lighting ', 'IPX4 Water resistant3 ', '20-hour4 battery life and quick charging ']",Party Speakers,Wireless Speakers
XP700 X-Series Portable Wireless Speaker,None,None,"['Rs.51,9901']",4.5,32,['https://www.sony.co.in/image/6364a26f0350572e348f7a7851ddc755?fmt=pjpeg&wid=110&bgcolor=FFFFFF&bgc=FFFFFF'],"['Omnidirectional party sound ', 'X-Balanced Speaker Unit ', 'Ambient lighting ', 'IPX4 Water resistant3 ', '25-hour4 battery life and quick charging ']","['Hi-Fi Systems', 'Party Speakers']","['Audio Systems', 'Wireless Speakers']"
XV500 X-Series Wireless Party Speaker,None,None,"['Rs.Rs.39,990']",4.9,13,"['https://sony.scene7.com/is/image/sonyglobalsolutions/Product-Intro-Plate_Desktop_01-5?$productIntroPlatedesktop$&fmt=png-alpha', 'https://sony.scene7.com/is/image/sonyglobalsolutions/Product-Intro-Plate_Desktop_02-5?$productIntroPlatedesktop$&fmt=png-alpha', 'https://sony.scene7.com/is/image/sonyglobalsolutions/Product-Intro-Plate_Desktop_03?$productIntroPlatedesktop$&fmt=png-alpha', 'https://sony.scene7.com/is/image/sonyglobalsolutions/Product-Intro-Plate_Desktop_04?$productIntroPlatedesktop$&fmt=png-alpha', 'https://sony.scene7.com/is/image/sonyglobalsolutions/Product-Intro-Plate_Desktop_05?$productIntroPlatedesktop$&fmt=png-alpha', 'https://sony.scene7.com/is/image/sonyglobalsolutions/Product-Intro-Plate_Desktop_06?$productIntroPlatedesktop$&fmt=png-alpha', 'https://sony.scene7.com/is/image/sonyglobalsolutions/Product-Intro-Plate_Desktop_07?$productIntroPlatedesktop$&fmt=png-alpha']","[""Powerful sound that's easy to transport"", 'X-Balanced Speaker Unit for powerful sound', '25-hour battery2 life and quick charging', 'Karaoke and guitar input for more fun', 'Easy-to-use touch-panel control']","['Hi-Fi Systems', 'Party Speakers']","['Audio Systems', 'Wireless Speakers']"
XV800 X-Series Wireless Party Speaker,None,None,"['Rs.Rs.64,990']",4.9,28,"['https://sony.scene7.com/is/image/sonyglobalsolutions/d-Product-Intro-Plate-1-8?$productIntroPlatedesktop$', 'https://sony.scene7.com/is/image/sonyglobalsolutions/d-Product-Intro-Plate-2-6?$productIntroPlatedesktop$&fmt=png-alpha', 'https://sony.scene7.com/is/image/sonyglobalsolutions/d-Product-Intro-Plate-3-5?$productIntroPlatedesktop$&fmt=png-alpha', 'https://sony.scene7.com/is/image/sonyglobalsolutions/d-Product-Intro-Plate-4-6?$productIntroPlatedesktop$&fmt=png-alpha', 'https://sony.scene7.com/is/image/sonyglobalsolutions/d-Product-Intro-Plate-5-5?$productIntroPlatedesktop$&fmt=png-alpha', 'https://sony.scene7.com/is/image/sonyglobalsolutions/d-Product-Intro-Plate-6-6?$productIntroPlatedesktop$&fmt=png-alpha', 'https://sony.scene7.com/is/image/sonyglobalsolutions/d-Product-Intro-Plate-7-6?$productIntroPlatedesktop$&fmt=png-alpha']","['Omni-directional sound for better sound spread', 'X-Balanced Speaker Unit for powerful sound', '25-hour battery2 life and quick charging', 'TV Sound Booster for enriching TV sound', 'Karaoke and guitar input for more fun']","['Hi-Fi Systems', 'Party Speakers']","['Audio Systems', 'Wireless Speakers']"
ZX700 WalkmanÂ® ZX Series,None,None,"['Rs.Rs.74,990']",0,0,"['https://sony.scene7.com/is/image/sonyglobalsolutions/ZX700_Product_Intro_Plate_D?$productIntroPlatedesktop$', 'https://sony.scene7.com/is/image/sonyglobalsolutions/ZX700_Gallery1?$productIntroPlatedesktop$&fmt=png-alpha', 'https://sony.scene7.com/is/image/sonyglobalsolutions/ZX700_Gallery2?$productIntroPlatedesktop$&fmt=png-alpha', 'https://sony.scene7.com/is/image/sonyglobalsolutions/ZX700_Gallery3?$productIntroPlatedesktop$&fmt=png-alpha', 'https://sony.scene7.com/is/image/sonyglobalsolutions/ZX700_Gallery4?$productIntroPlatedesktop$&fmt=png-alpha', 'https://sony.scene7.com/is/image/sonyglobalsolutions/ZX700_Gallery5?$productIntroPlatedesktop$&fmt=png-alpha', 'https://sony.scene7.com/is/image/sonyglobalsolutions/ZX700_Gallery6?$productIntroPlatedesktop$&fmt=png-alpha', 'https://sony.scene7.com/is/image/sonyglobalsolutions/ZX700_Gallery7?$productIntroPlatedesktop$&fmt=png-alpha', 'https://sony.scene7.com/is/image/sonyglobalsolutions/ZX700_Gallery8?$productIntroPlatedesktop$&fmt=png-alpha', 'https://sony.scene7.com/is/image/sonyglobalsolutions/ZX700_Gallery9?$productIntroPlatedesktop$&fmt=png-alpha', 'https://sony.scene7.com/is/image/sonyglobalsolutions/ZX700_Gallery10?$productIntroPlatedesktop$&fmt=png-alpha']","['High-end components', 'Unique sound-processing technology', 'Longer battery life', 'Premium design', 'Easy downloading and streaming']",Premium,Walkman
